ISO-10303-21;
HEADER;
FILE_DESCRIPTION (( 'STEP AP214' ),
    '1' );
FILE_NAME ('878FFB1E-AAD5-478B-A20C-762AD7541CDD.STEP',
    '2026-08-09T15:07:17',
    ( '' ),
    ( '' ),
    'SwSTEP 2.0',
    'SolidWorks 2022',
    '' );
FILE_SCHEMA (( 'AUTOMOTIVE_DESIGN' ));
ENDSEC;

DATA;
#1 = EDGE_CURVE ( 'NONE', #1379, #305, #705, .T. ) ;
#2 = ORIENTED_EDGE ( 'NONE', *, *, #958, .T. ) ;
#3 =( NAMED_UNIT ( * ) SI_UNIT ( $, .STERADIAN. ) SOLID_ANGLE_UNIT ( ) );
#4 = FILL_AREA_STYLE_COLOUR ( '', #1290 ) ;
#5 =( LENGTH_UNIT ( ) NAMED_UNIT ( * ) SI_UNIT ( .MILLI., .METRE. ) );
#6 = SPHERICAL_SURFACE ( 'NONE', #122, 1.149999999999999911 ) ;
#7 = CARTESIAN_POINT ( 'NONE',  ( -6.099999999999999645, 0.2500000000000002220, -0.7499999999999998890 ) ) ;
#8 = MECHANICAL_DESIGN_GEOMETRIC_PRESENTATION_REPRESENTATION (  '', ( #1222 ), #1196 ) ;
#9 =( LENGTH_UNIT ( ) NAMED_UNIT ( * ) SI_UNIT ( .MILLI., .METRE. ) );
#10 =( NAMED_UNIT ( * ) PLANE_ANGLE_UNIT ( ) SI_UNIT ( $, .RADIAN. ) );
#11 = DIRECTION ( 'NONE',  ( 1.000000000000000000, 0.0000000000000000000, 0.0000000000000000000 ) ) ;
#12 = COLOUR_RGB ( '',0.6509803921568627638, 0.6196078431372549211, 0.5882352941176470784 ) ;
#13 = DIRECTION ( 'NONE',  ( 0.0000000000000000000, 0.0000000000000000000, 1.000000000000000000 ) ) ;
#14 = STYLED_ITEM ( 'NONE', ( #963 ), #623 ) ;
#15 = VERTEX_POINT ( 'NONE', #1187 ) ;
#16 = STYLED_ITEM ( 'NONE', ( #707 ), #1194 ) ;
#17 = DIRECTION ( 'NONE',  ( 1.000000000000000000, 0.0000000000000000000, 0.0000000000000000000 ) ) ;
#18 = CIRCLE ( 'NONE', #564, 0.2500000000000000000 ) ;
#19 = PLANE ( 'NONE',  #845 ) ;
#20 = CARTESIAN_POINT ( 'NONE',  ( 2.000000000000000000, 0.3499999999999997558, 0.7500000000000001110 ) ) ;
#21 = AXIS2_PLACEMENT_3D ( 'NONE', #250, #112, #117 ) ;
#22 = LINE ( 'NONE', #492, #798 ) ;
#23 = SURFACE_STYLE_USAGE ( .BOTH. , #710 ) ;
#24 = ORIENTED_EDGE ( 'NONE', *, *, #1216, .T. ) ;
#25 = FILL_AREA_STYLE_COLOUR ( '', #903 ) ;
#26 = FILL_AREA_STYLE ('',( #617 ) ) ;
#27 = DIRECTION ( 'NONE',  ( -1.000000000000000000, -0.0000000000000000000, -0.0000000000000000000 ) ) ;
#28 = SURFACE_STYLE_FILL_AREA ( #361 ) ;
#29 = DIRECTION ( 'NONE',  ( 0.0000000000000000000, 0.0000000000000000000, -1.000000000000000000 ) ) ;
#30 = EDGE_CURVE ( 'NONE', #1332, #1055, #132, .T. ) ;
#31 = EDGE_LOOP ( 'NONE', ( #218, #167, #1109, #1199 ) ) ;
#32 = SURFACE_STYLE_USAGE ( .BOTH. , #510 ) ;
#33 = UNCERTAINTY_MEASURE_WITH_UNIT (LENGTH_MEASURE( 1.000000000000000082E-05 ), #1263, 'distance_accuracy_value', 'NONE');
#34 = LINE ( 'NONE', #504, #929 ) ;
#35 = AXIS2_PLACEMENT_3D ( 'NONE', #1029, #909, #1376 ) ;
#36 = CYLINDRICAL_SURFACE ( 'NONE', #256, 0.2500000000000000000 ) ;
#37 = DIRECTION ( 'NONE',  ( -1.000000000000000000, -0.0000000000000000000, -0.0000000000000000000 ) ) ;
#38 = PRESENTATION_STYLE_ASSIGNMENT (( #160 ) ) ;
#39 = VECTOR ( 'NONE', #1362, 1000.000000000000000 ) ;
#40 = DIRECTION ( 'NONE',  ( 0.0000000000000000000, -1.000000000000000000, -2.891205793294678326E-16 ) ) ;
#41 = MECHANICAL_DESIGN_GEOMETRIC_PRESENTATION_REPRESENTATION (  '', ( #779 ), #273 ) ;
#42 = MECHANICAL_DESIGN_GEOMETRIC_PRESENTATION_REPRESENTATION (  '', ( #486 ), #1057 ) ;
#43 = CARTESIAN_POINT ( 'NONE',  ( 6.099999999999999645, -0.2499999999999996669, -0.7500000000000005551 ) ) ;
#44 = MECHANICAL_DESIGN_GEOMETRIC_PRESENTATION_REPRESENTATION (  '', ( #1320 ), #1258 ) ;
#45 = CARTESIAN_POINT ( 'NONE',  ( -5.000000000000000000, 0.0000000000000000000, 0.0000000000000000000 ) ) ;
#46 = VECTOR ( 'NONE', #224, 1000.000000000000000 ) ;
#47 = VECTOR ( 'NONE', #1446, 1000.000000000000000 ) ;
#48 = CARTESIAN_POINT ( 'NONE',  ( 7.022497216032182799, 0.0000000000000000000, -0.2500000000000000000 ) ) ;
#49 =( LENGTH_UNIT ( ) NAMED_UNIT ( * ) SI_UNIT ( .MILLI., .METRE. ) );
#50 = SURFACE_STYLE_USAGE ( .BOTH. , #176 ) ;
#51 = DIRECTION ( 'NONE',  ( 0.0000000000000000000, 0.0000000000000000000, -1.000000000000000000 ) ) ;
#52 = ORIENTED_EDGE ( 'NONE', *, *, #599, .T. ) ;
#53 = EDGE_CURVE ( 'NONE', #474, #225, #589, .T. ) ;
#54 =( NAMED_UNIT ( * ) SI_UNIT ( $, .STERADIAN. ) SOLID_ANGLE_UNIT ( ) );
#55 = DIRECTION ( 'NONE',  ( 1.000000000000000000, 0.0000000000000000000, 0.0000000000000000000 ) ) ;
#56 = CARTESIAN_POINT ( 'NONE',  ( -5.899999999999999467, 0.0000000000000000000, 0.0000000000000000000 ) ) ;
#57 = FILL_AREA_STYLE_COLOUR ( '', #838 ) ;
#58 = DIRECTION ( 'NONE',  ( 0.0000000000000000000, -1.000000000000000000, 0.0000000000000000000 ) ) ;
#59 = VERTEX_POINT ( 'NONE', #1423 ) ;
#60 =( NAMED_UNIT ( * ) SI_UNIT ( $, .STERADIAN. ) SOLID_ANGLE_UNIT ( ) );
#61 = ORIENTED_EDGE ( 'NONE', *, *, #938, .F. ) ;
#62 = EDGE_CURVE ( 'NONE', #305, #348, #383, .T. ) ;
#63 = DIRECTION ( 'NONE',  ( 0.0000000000000000000, 0.0000000000000000000, 1.000000000000000000 ) ) ;
#64 = UNCERTAINTY_MEASURE_WITH_UNIT (LENGTH_MEASURE( 1.000000000000000082E-05 ), #1375, 'distance_accuracy_value', 'NONE');
#65 = CARTESIAN_POINT ( 'NONE',  ( -10.00000000000000000, 3.061616997868383018E-17, 0.2500000000000000000 ) ) ;
#66 = CLOSED_SHELL ( 'NONE', ( #335, #214, #805, #1108, #623, #527, #1464, #853, #672, #1479, #91, #104 ) ) ;
#67 =( NAMED_UNIT ( * ) SI_UNIT ( $, .STERADIAN. ) SOLID_ANGLE_UNIT ( ) );
#68 = DIRECTION ( 'NONE',  ( 0.0000000000000000000, 0.0000000000000000000, 1.000000000000000000 ) ) ;
#69 = ORIENTED_EDGE ( 'NONE', *, *, #1236, .F. ) ;
#70 = MECHANICAL_DESIGN_GEOMETRIC_PRESENTATION_REPRESENTATION (  '', ( #1025 ), #632 ) ;
#71 = STYLED_ITEM ( 'NONE', ( #569 ), #527 ) ;
#72 = COLOUR_RGB ( '',0.3882352941176470673, 0.8588235294117646523, 0.3882352941176470673 ) ;
#73 = PRESENTATION_LAYER_ASSIGNMENT (  '', '', ( #421 ) ) ;
#74 = LINE ( 'NONE', #1003, #251 ) ;
#75 = PRESENTATION_LAYER_ASSIGNMENT (  '', '', ( #877 ) ) ;
#76 = FILL_AREA_STYLE_COLOUR ( '', #184 ) ;
#77 = VERTEX_POINT ( 'NONE', #839 ) ;
#78 = CARTESIAN_POINT ( 'NONE',  ( 2.000000000000000000, 0.2499999999999997780, 0.7500000000000001110 ) ) ;
#79 = FILL_AREA_STYLE ('',( #1028 ) ) ;
#80 = CARTESIAN_POINT ( 'NONE',  ( 2.000000000000000000, 0.3500000000000001998, -0.7499999999999998890 ) ) ;
#81 =( NAMED_UNIT ( * ) PLANE_ANGLE_UNIT ( ) SI_UNIT ( $, .RADIAN. ) );
#82 = EDGE_CURVE ( 'NONE', #1096, #1094, #1311, .T. ) ;
#83 = ORIENTED_EDGE ( 'NONE', *, *, #945, .F. ) ;
#84 = SURFACE_STYLE_FILL_AREA ( #554 ) ;
#85 = SURFACE_STYLE_FILL_AREA ( #673 ) ;
#86 = UNCERTAINTY_MEASURE_WITH_UNIT (LENGTH_MEASURE( 1.000000000000000082E-05 ), #821, 'distance_accuracy_value', 'NONE');
#87 = ORIENTED_EDGE ( 'NONE', *, *, #449, .F. ) ;
#88 =( NAMED_UNIT ( * ) SI_UNIT ( $, .STERADIAN. ) SOLID_ANGLE_UNIT ( ) );
#89 = DIRECTION ( 'NONE',  ( 0.0000000000000000000, 0.0000000000000000000, -1.000000000000000000 ) ) ;
#90 = SURFACE_STYLE_FILL_AREA ( #1147 ) ;
#91 = ADVANCED_FACE ( 'NONE', ( #615 ), #1089, .F. ) ;
#92 = FACE_OUTER_BOUND ( 'NONE', #1041, .T. ) ;
#93 = ORIENTED_EDGE ( 'NONE', *, *, #1173, .F. ) ;
#94 = AXIS2_PLACEMENT_3D ( 'NONE', #1153, #772, #671 ) ;
#95 = MECHANICAL_DESIGN_GEOMETRIC_PRESENTATION_REPRESENTATION (  '', ( #446 ), #636 ) ;
#96 = VECTOR ( 'NONE', #1395, 1000.000000000000000 ) ;
#97 = COLOUR_RGB ( '',0.3882352941176470673, 0.8588235294117646523, 0.3882352941176470673 ) ;
#98 = AXIS2_PLACEMENT_3D ( 'NONE', #930, #455, #1396 ) ;
#99 = CARTESIAN_POINT ( 'NONE',  ( 0.0000000000000000000, 0.0000000000000000000, 0.0000000000000000000 ) ) ;
#100 = PRESENTATION_LAYER_ASSIGNMENT (  '', '', ( #539 ) ) ;
#101 = DIRECTION ( 'NONE',  ( 0.0000000000000000000, 0.0000000000000000000, 1.000000000000000000 ) ) ;
#102 = ORIENTED_EDGE ( 'NONE', *, *, #210, .T. ) ;
#103 = SURFACE_SIDE_STYLE ('',( #1137 ) ) ;
#104 = ADVANCED_FACE ( 'NONE', ( #215 ), #996, .T. ) ;
#105 = DIRECTION ( 'NONE',  ( -1.000000000000000000, -0.0000000000000000000, -0.0000000000000000000 ) ) ;
#106 = LINE ( 'NONE', #1044, #965 ) ;
#107 = SHAPE_DEFINITION_REPRESENTATION ( #937, #1000 ) ;
#108 = ORIENTED_EDGE ( 'NONE', *, *, #1159, .F. ) ;
#109 = SURFACE_SIDE_STYLE ('',( #1164 ) ) ;
#110 = DIRECTION ( 'NONE',  ( 1.000000000000000000, 0.0000000000000000000, 0.0000000000000000000 ) ) ;
#111 = VERTEX_POINT ( 'NONE', #1448 ) ;
#112 = DIRECTION ( 'NONE',  ( -1.000000000000000000, 0.0000000000000000000, 0.0000000000000000000 ) ) ;
#113 = ADVANCED_FACE ( 'NONE', ( #1112 ), #415, .T. ) ;
#114 = AXIS2_PLACEMENT_3D ( 'NONE', #1371, #915, #89 ) ;
#115 = ORIENTED_EDGE ( 'NONE', *, *, #1253, .F. ) ;
#116 = ORIENTED_EDGE ( 'NONE', *, *, #429, .F. ) ;
#117 = DIRECTION ( 'NONE',  ( 0.0000000000000000000, 0.0000000000000000000, 1.000000000000000000 ) ) ;
#118 = AXIS2_PLACEMENT_3D ( 'NONE', #655, #1125, #1217 ) ;
#119 =( GEOMETRIC_REPRESENTATION_CONTEXT ( 3 ) GLOBAL_UNCERTAINTY_ASSIGNED_CONTEXT ( ( #201 ) ) GLOBAL_UNIT_ASSIGNED_CONTEXT ( ( #472, #706, #393 ) ) REPRESENTATION_CONTEXT ( 'NONE', 'WORKASPACE' ) );
#120 = SURFACE_STYLE_FILL_AREA ( #1363 ) ;
#121 = CIRCLE ( 'NONE', #208, 0.2500000000000000000 ) ;
#122 = AXIS2_PLACEMENT_3D ( 'NONE', #732, #594, #29 ) ;
#123 = AXIS2_PLACEMENT_3D ( 'NONE', #135, #942, #1408 ) ;
#124 = COLOUR_RGB ( '',0.3882352941176470673, 0.8588235294117646523, 0.3882352941176470673 ) ;
#125 = APPLICATION_CONTEXT ( 'automotive_design' ) ;
#126 =( GEOMETRIC_REPRESENTATION_CONTEXT ( 3 ) GLOBAL_UNCERTAINTY_ASSIGNED_CONTEXT ( ( #618 ) ) GLOBAL_UNIT_ASSIGNED_CONTEXT ( ( #1333, #1321, #54 ) ) REPRESENTATION_CONTEXT ( 'NONE', 'WORKASPACE' ) );
#127 = ORIENTED_EDGE ( 'NONE', *, *, #599, .F. ) ;
#128 =( NAMED_UNIT ( * ) PLANE_ANGLE_UNIT ( ) SI_UNIT ( $, .RADIAN. ) );
#129 = FACE_OUTER_BOUND ( 'NONE', #740, .T. ) ;
#130 = CARTESIAN_POINT ( 'NONE',  ( -5.899999999999999467, 0.0000000000000000000, 0.0000000000000000000 ) ) ;
#131 = CARTESIAN_POINT ( 'NONE',  ( 7.022497216032182799, 0.0000000000000000000, 0.0000000000000000000 ) ) ;
#132 = LINE ( 'NONE', #494, #1454 ) ;
#133 = EDGE_CURVE ( 'NONE', #255, #286, #106, .T. ) ;
#134 = LINE ( 'NONE', #607, #976 ) ;
#135 = CARTESIAN_POINT ( 'NONE',  ( 2.000000000000000000, 0.3499999999999997558, 0.7500000000000001110 ) ) ;
#136 = ORIENTED_EDGE ( 'NONE', *, *, #320, .T. ) ;
#137 = CARTESIAN_POINT ( 'NONE',  ( -5.899999999999999467, 0.0000000000000000000, 1.050000000000000044 ) ) ;
#138 =( NAMED_UNIT ( * ) SI_UNIT ( $, .STERADIAN. ) SOLID_ANGLE_UNIT ( ) );
#139 = CYLINDRICAL_SURFACE ( 'NONE', #447, 1.050000000000000044 ) ;
#140 = CLOSED_SHELL ( 'NONE', ( #547, #730, #692, #1317, #762, #543 ) ) ;
#141 = DIRECTION ( 'NONE',  ( 0.0000000000000000000, 1.000000000000000000, 1.224646799147353207E-16 ) ) ;
#142 = EDGE_CURVE ( 'NONE', #311, #359, #502, .T. ) ;
#143 = DIRECTION ( 'NONE',  ( 0.0000000000000000000, -1.000000000000000000, 1.084202172485504040E-15 ) ) ;
#144 = DIRECTION ( 'NONE',  ( -1.000000000000000000, -0.0000000000000000000, -0.0000000000000000000 ) ) ;
#145 = CIRCLE ( 'NONE', #506, 1.050000000000000044 ) ;
#146 =( NAMED_UNIT ( * ) SI_UNIT ( $, .STERADIAN. ) SOLID_ANGLE_UNIT ( ) );
#147 = ORIENTED_EDGE ( 'NONE', *, *, #142, .F. ) ;
#148 = COLOUR_RGB ( '',1.000000000000000000, 0.8117647058823529438, 0.5019607843137254832 ) ;
#149 = MECHANICAL_DESIGN_GEOMETRIC_PRESENTATION_REPRESENTATION (  '', ( #602 ), #209 ) ;
#150 = SURFACE_STYLE_FILL_AREA ( #1095 ) ;
#151 = AXIS2_PLACEMENT_3D ( 'NONE', #169, #17, #51 ) ;
#152 = STYLED_ITEM ( 'NONE', ( #236 ), #1000 ) ;
#153 = COLOUR_RGB ( '',0.6509803921568627638, 0.6196078431372549211, 0.5882352941176470784 ) ;
#154 = UNCERTAINTY_MEASURE_WITH_UNIT (LENGTH_MEASURE( 1.000000000000000082E-05 ), #1443, 'distance_accuracy_value', 'NONE');
#155 =( LENGTH_UNIT ( ) NAMED_UNIT ( * ) SI_UNIT ( .MILLI., .METRE. ) );
#156 = DIRECTION ( 'NONE',  ( 1.000000000000000000, 0.0000000000000000000, 0.0000000000000000000 ) ) ;
#157 = LINE ( 'NONE', #715, #481 ) ;
#158 =( LENGTH_UNIT ( ) NAMED_UNIT ( * ) SI_UNIT ( .MILLI., .METRE. ) );
#159 = DIRECTION ( 'NONE',  ( -1.000000000000000000, -0.0000000000000000000, -0.0000000000000000000 ) ) ;
#160 = SURFACE_STYLE_USAGE ( .BOTH. , #608 ) ;
#161 = ORIENTED_EDGE ( 'NONE', *, *, #239, .T. ) ;
#162 = LINE ( 'NONE', #403, #1347 ) ;
#163 = DIRECTION ( 'NONE',  ( -1.000000000000000000, -0.0000000000000000000, -0.0000000000000000000 ) ) ;
#164 = EDGE_CURVE ( 'NONE', #1281, #276, #356, .T. ) ;
#165 = FILL_AREA_STYLE_COLOUR ( '', #1228 ) ;
#166 = DIRECTION ( 'NONE',  ( -1.000000000000000000, -0.0000000000000000000, -0.0000000000000000000 ) ) ;
#167 = ORIENTED_EDGE ( 'NONE', *, *, #429, .T. ) ;
#168 =( LENGTH_UNIT ( ) NAMED_UNIT ( * ) SI_UNIT ( .MILLI., .METRE. ) );
#169 = CARTESIAN_POINT ( 'NONE',  ( 10.00000000000000000, 0.0000000000000000000, 0.0000000000000000000 ) ) ;
#170 = LINE ( 'NONE', #741, #873 ) ;
#171 = DIRECTION ( 'NONE',  ( 0.0000000000000000000, 0.0000000000000000000, -1.000000000000000000 ) ) ;
#172 = COLOUR_RGB ( '',0.7921568627450980005, 0.8196078431372548767, 0.9333333333333333481 ) ;
#173 = SPHERICAL_SURFACE ( 'NONE', #463, 1.050000000000000044 ) ;
#174 = BREP_WITH_VOIDS ( 'NONE', #477, ( #872 ) );
#175 = CARTESIAN_POINT ( 'NONE',  ( -5.899999999999999467, 1.285879139104720732E-16, -1.050000000000000044 ) ) ;
#176 = SURFACE_SIDE_STYLE ('',( #859 ) ) ;
#177 = EDGE_CURVE ( 'NONE', #1227, #832, #157, .T. ) ;
#178 = FACE_OUTER_BOUND ( 'NONE', #1261, .T. ) ;
#179 = PRESENTATION_LAYER_ASSIGNMENT (  '', '', ( #657 ) ) ;
#180 = ORIENTED_EDGE ( 'NONE', *, *, #574, .T. ) ;
#181 =( GEOMETRIC_REPRESENTATION_CONTEXT ( 3 ) GLOBAL_UNCERTAINTY_ASSIGNED_CONTEXT ( ( #745 ) ) GLOBAL_UNIT_ASSIGNED_CONTEXT ( ( #475, #10, #138 ) ) REPRESENTATION_CONTEXT ( 'NONE', 'WORKASPACE' ) );
#182 = CARTESIAN_POINT ( 'NONE',  ( 5.899999999999999467, 0.0000000000000000000, -1.149999999999999911 ) ) ;
#183 = STYLED_ITEM ( 'NONE', ( #840 ), #1464 ) ;
#184 = COLOUR_RGB ( '',1.000000000000000000, 0.8117647058823529438, 0.5019607843137254832 ) ;
#185 = VECTOR ( 'NONE', #823, 1000.000000000000000 ) ;
#186 = SURFACE_STYLE_FILL_AREA ( #757 ) ;
#187 =( GEOMETRIC_REPRESENTATION_CONTEXT ( 3 ) GLOBAL_UNCERTAINTY_ASSIGNED_CONTEXT ( ( #670 ) ) GLOBAL_UNIT_ASSIGNED_CONTEXT ( ( #1469, #765, #88 ) ) REPRESENTATION_CONTEXT ( 'NONE', 'WORKASPACE' ) );
#188 = CARTESIAN_POINT ( 'NONE',  ( -5.899999999999999467, 0.0000000000000000000, 0.0000000000000000000 ) ) ;
#189 = FACE_OUTER_BOUND ( 'NONE', #794, .T. ) ;
#190 = DIRECTION ( 'NONE',  ( 0.0000000000000000000, 0.0000000000000000000, -1.000000000000000000 ) ) ;
#191 = EDGE_CURVE ( 'NONE', #662, #1096, #1481, .T. ) ;
#192 = ORIENTED_EDGE ( 'NONE', *, *, #1, .T. ) ;
#193 =( NAMED_UNIT ( * ) SI_UNIT ( $, .STERADIAN. ) SOLID_ANGLE_UNIT ( ) );
#194 = CARTESIAN_POINT ( 'NONE',  ( 10.00000000000000000, 0.0000000000000000000, 0.2500000000000000000 ) ) ;
#195 = SPHERICAL_SURFACE ( 'NONE', #1459, 1.149999999999999911 ) ;
#196 = PRESENTATION_STYLE_ASSIGNMENT (( #1014 ) ) ;
#197 = DIRECTION ( 'NONE',  ( -0.0000000000000000000, 1.000000000000000000, 2.891205793294678326E-16 ) ) ;
#198 = LINE ( 'NONE', #523, #704 ) ;
#199 = ORIENTED_EDGE ( 'NONE', *, *, #1498, .F. ) ;
#200 = FILL_AREA_STYLE_COLOUR ( '', #1006 ) ;
#201 = UNCERTAINTY_MEASURE_WITH_UNIT (LENGTH_MEASURE( 1.000000000000000082E-05 ), #472, 'distance_accuracy_value', 'NONE');
#202 = DIRECTION ( 'NONE',  ( -0.0000000000000000000, 1.000000000000000000, -0.0000000000000000000 ) ) ;
#203 = DIRECTION ( 'NONE',  ( 0.0000000000000000000, 0.0000000000000000000, 1.000000000000000000 ) ) ;
#204 = DIRECTION ( 'NONE',  ( 1.000000000000000000, 0.0000000000000000000, 0.0000000000000000000 ) ) ;
#205 = ORIENTED_EDGE ( 'NONE', *, *, #1384, .T. ) ;
#206 =( LENGTH_UNIT ( ) NAMED_UNIT ( * ) SI_UNIT ( .MILLI., .METRE. ) );
#207 = MECHANICAL_DESIGN_GEOMETRIC_PRESENTATION_REPRESENTATION (  '', ( #1314 ), #119 ) ;
#208 = AXIS2_PLACEMENT_3D ( 'NONE', #910, #1378, #318 ) ;
#209 =( GEOMETRIC_REPRESENTATION_CONTEXT ( 3 ) GLOBAL_UNCERTAINTY_ASSIGNED_CONTEXT ( ( #766 ) ) GLOBAL_UNIT_ASSIGNED_CONTEXT ( ( #260, #604, #146 ) ) REPRESENTATION_CONTEXT ( 'NONE', 'WORKASPACE' ) );
#210 = EDGE_CURVE ( 'NONE', #1115, #255, #445, .T. ) ;
#211 = FILL_AREA_STYLE ('',( #913 ) ) ;
#212 = AXIS2_PLACEMENT_3D ( 'NONE', #1133, #204, #190 ) ;
#213 = MANIFOLD_SOLID_BREP ( 'Boss-Extrude3', #140 ) ;
#214 = ADVANCED_FACE ( 'NONE', ( #1175 ), #353, .T. ) ;
#215 = FACE_OUTER_BOUND ( 'NONE', #525, .T. ) ;
#216 = CARTESIAN_POINT ( 'NONE',  ( -2.000000000000000000, -0.2499999999999996669, -0.7500000000000005551 ) ) ;
#217 = CARTESIAN_POINT ( 'NONE',  ( -10.00000000000000000, 0.0000000000000000000, -0.2500000000000000000 ) ) ;
#218 = ORIENTED_EDGE ( 'NONE', *, *, #863, .F. ) ;
#219 = CARTESIAN_POINT ( 'NONE',  ( 5.899999999999999467, 0.0000000000000000000, 0.0000000000000000000 ) ) ;
#220 = ORIENTED_EDGE ( 'NONE', *, *, #1500, .T. ) ;
#221 = FACE_OUTER_BOUND ( 'NONE', #316, .T. ) ;
#222 = PRODUCT_DEFINITION ( 'UNKNOWN', '', #1483, #971 ) ;
#223 = FACE_OUTER_BOUND ( 'NONE', #31, .T. ) ;
#224 = DIRECTION ( 'NONE',  ( 1.000000000000000000, 0.0000000000000000000, 0.0000000000000000000 ) ) ;
#225 = VERTEX_POINT ( 'NONE', #1185 ) ;
#226 = SURFACE_STYLE_USAGE ( .BOTH. , #908 ) ;
#227 = FILL_AREA_STYLE_COLOUR ( '', #172 ) ;
#228 = EDGE_CURVE ( 'NONE', #408, #1332, #1002, .T. ) ;
#229 = DIRECTION ( 'NONE',  ( 0.0000000000000000000, 0.0000000000000000000, 1.000000000000000000 ) ) ;
#230 = ORIENTED_EDGE ( 'NONE', *, *, #863, .T. ) ;
#231 =( NAMED_UNIT ( * ) SI_UNIT ( $, .STERADIAN. ) SOLID_ANGLE_UNIT ( ) );
#232 = MECHANICAL_DESIGN_GEOMETRIC_PRESENTATION_REPRESENTATION (  '', ( #1256 ), #181 ) ;
#233 = CARTESIAN_POINT ( 'NONE',  ( 10.00000000000000000, 3.061616997868383018E-17, -0.2500000000000000000 ) ) ;
#234 = PRESENTATION_STYLE_ASSIGNMENT (( #1272 ) ) ;
#235 = AXIS2_PLACEMENT_3D ( 'NONE', #889, #1361, #313 ) ;
#236 = PRESENTATION_STYLE_ASSIGNMENT (( #1168 ) ) ;
#237 = DIRECTION ( 'NONE',  ( 0.0000000000000000000, -2.891205793294678326E-16, 1.000000000000000000 ) ) ;
#238 =( NAMED_UNIT ( * ) PLANE_ANGLE_UNIT ( ) SI_UNIT ( $, .RADIAN. ) );
#239 = EDGE_CURVE ( 'NONE', #1359, #59, #987, .T. ) ;
#240 = ORIENTED_EDGE ( 'NONE', *, *, #1117, .T. ) ;
#241 = FACE_OUTER_BOUND ( 'NONE', #1045, .T. ) ;
#242 = LINE ( 'NONE', #80, #773 ) ;
#243 =( NAMED_UNIT ( * ) SI_UNIT ( $, .STERADIAN. ) SOLID_ANGLE_UNIT ( ) );
#244 = SURFACE_SIDE_STYLE ('',( #571 ) ) ;
#245 = ORIENTED_EDGE ( 'NONE', *, *, #373, .F. ) ;
#246 = SURFACE_SIDE_STYLE ('',( #933 ) ) ;
#247 =( NAMED_UNIT ( * ) SI_UNIT ( $, .STERADIAN. ) SOLID_ANGLE_UNIT ( ) );
#248 = PRESENTATION_STYLE_ASSIGNMENT (( #1392 ) ) ;
#249 = EDGE_LOOP ( 'NONE', ( #764, #1218, #127, #711 ) ) ;
#250 = CARTESIAN_POINT ( 'NONE',  ( 2.000000000000000000, 0.0000000000000000000, 0.0000000000000000000 ) ) ;
#251 = VECTOR ( 'NONE', #994, 1000.000000000000000 ) ;
#252 = STYLED_ITEM ( 'NONE', ( #956 ), #547 ) ;
#253 = DIRECTION ( 'NONE',  ( 1.000000000000000000, 0.0000000000000000000, 0.0000000000000000000 ) ) ;
#254 = MECHANICAL_DESIGN_GEOMETRIC_PRESENTATION_REPRESENTATION (  '', ( #751 ), #1319 ) ;
#255 = VERTEX_POINT ( 'NONE', #65 ) ;
#256 = AXIS2_PLACEMENT_3D ( 'NONE', #738, #1116, #63 ) ;
#257 = DIRECTION ( 'NONE',  ( -1.000000000000000000, -0.0000000000000000000, -0.0000000000000000000 ) ) ;
#258 = CARTESIAN_POINT ( 'NONE',  ( 6.099999999999999645, 0.0000000000000000000, 0.0000000000000000000 ) ) ;
#259 =( NAMED_UNIT ( * ) SI_UNIT ( $, .STERADIAN. ) SOLID_ANGLE_UNIT ( ) );
#260 =( LENGTH_UNIT ( ) NAMED_UNIT ( * ) SI_UNIT ( .MILLI., .METRE. ) );
#261 = EDGE_CURVE ( 'NONE', #832, #719, #522, .T. ) ;
#262 = ORIENTED_EDGE ( 'NONE', *, *, #53, .T. ) ;
#263 = UNCERTAINTY_MEASURE_WITH_UNIT (LENGTH_MEASURE( 1.000000000000000082E-05 ), #1061, 'distance_accuracy_value', 'NONE');
#264 =( LENGTH_UNIT ( ) NAMED_UNIT ( * ) SI_UNIT ( .MILLI., .METRE. ) );
#265 = ORIENTED_EDGE ( 'NONE', *, *, #329, .F. ) ;
#266 = CARTESIAN_POINT ( 'NONE',  ( 7.049999999999999822, 0.0000000000000000000, 0.0000000000000000000 ) ) ;
#267 =( NAMED_UNIT ( * ) PLANE_ANGLE_UNIT ( ) SI_UNIT ( $, .RADIAN. ) );
#268 = FACE_OUTER_BOUND ( 'NONE', #1401, .T. ) ;
#269 = FACE_OUTER_BOUND ( 'NONE', #524, .T. ) ;
#270 =( GEOMETRIC_REPRESENTATION_CONTEXT ( 3 ) GLOBAL_UNCERTAINTY_ASSIGNED_CONTEXT ( ( #540 ) ) GLOBAL_UNIT_ASSIGNED_CONTEXT ( ( #155, #370, #247 ) ) REPRESENTATION_CONTEXT ( 'NONE', 'WORKASPACE' ) );
#271 = EDGE_LOOP ( 'NONE', ( #365, #180, #1267, #992 ) ) ;
#272 = FILL_AREA_STYLE ('',( #489 ) ) ;
#273 =( GEOMETRIC_REPRESENTATION_CONTEXT ( 3 ) GLOBAL_UNCERTAINTY_ASSIGNED_CONTEXT ( ( #1451 ) ) GLOBAL_UNIT_ASSIGNED_CONTEXT ( ( #1296, #1302, #1323 ) ) REPRESENTATION_CONTEXT ( 'NONE', 'WORKASPACE' ) );
#274 = FILL_AREA_STYLE ('',( #25 ) ) ;
#275 = COLOUR_RGB ( '',1.000000000000000000, 0.8117647058823529438, 0.5019607843137254832 ) ;
#276 = VERTEX_POINT ( 'NONE', #48 ) ;
#277 = MECHANICAL_DESIGN_GEOMETRIC_PRESENTATION_REPRESENTATION (  '', ( #152 ), #1393 ) ;
#278 =( LENGTH_UNIT ( ) NAMED_UNIT ( * ) SI_UNIT ( .MILLI., .METRE. ) );
#279 = VECTOR ( 'NONE', #993, 1000.000000000000000 ) ;
#280 = EDGE_CURVE ( 'NONE', #111, #1094, #1387, .T. ) ;
#281 =( NAMED_UNIT ( * ) PLANE_ANGLE_UNIT ( ) SI_UNIT ( $, .RADIAN. ) );
#282 = DIRECTION ( 'NONE',  ( -1.000000000000000000, -0.0000000000000000000, -0.0000000000000000000 ) ) ;
#283 = ORIENTED_EDGE ( 'NONE', *, *, #30, .T. ) ;
#284 = CYLINDRICAL_SURFACE ( 'NONE', #339, 0.2500000000000000000 ) ;
#285 = LINE ( 'NONE', #713, #927 ) ;
#286 = VERTEX_POINT ( 'NONE', #1440 ) ;
#287 = DIRECTION ( 'NONE',  ( 0.0000000000000000000, 0.0000000000000000000, -1.000000000000000000 ) ) ;
#288 = CLOSED_SHELL ( 'NONE', ( #1398, #1297, #1328, #1224, #1202, #1194 ) ) ;
#289 = DIRECTION ( 'NONE',  ( 0.0000000000000000000, -1.000000000000000000, 0.0000000000000000000 ) ) ;
#290 = PRESENTATION_STYLE_ASSIGNMENT (( #426 ) ) ;
#291 = PRESENTATION_STYLE_ASSIGNMENT (( #759 ) ) ;
#292 = VECTOR ( 'NONE', #105, 1000.000000000000000 ) ;
#293 = PRESENTATION_STYLE_ASSIGNMENT (( #50 ) ) ;
#294 = FILL_AREA_STYLE_COLOUR ( '', #1158 ) ;
#295 = MECHANICAL_DESIGN_GEOMETRIC_PRESENTATION_REPRESENTATION (  '', ( #16 ), #1340 ) ;
#296 = ORIENTED_EDGE ( 'NONE', *, *, #1384, .F. ) ;
#297 = PRESENTATION_LAYER_ASSIGNMENT (  '', '', ( #779 ) ) ;
#298 = SURFACE_SIDE_STYLE ('',( #503 ) ) ;
#299 = COLOUR_RGB ( '',0.3882352941176470673, 0.8588235294117646523, 0.3882352941176470673 ) ;
#300 = COLOUR_RGB ( '',0.6509803921568627638, 0.6196078431372549211, 0.5882352941176470784 ) ;
#301 = UNCERTAINTY_MEASURE_WITH_UNIT (LENGTH_MEASURE( 1.000000000000000082E-05 ), #980, 'distance_accuracy_value', 'NONE');
#302 = SURFACE_SIDE_STYLE ('',( #758 ) ) ;
#303 =( NAMED_UNIT ( * ) PLANE_ANGLE_UNIT ( ) SI_UNIT ( $, .RADIAN. ) );
#304 =( NAMED_UNIT ( * ) PLANE_ANGLE_UNIT ( ) SI_UNIT ( $, .RADIAN. ) );
#305 = VERTEX_POINT ( 'NONE', #621 ) ;
#306 = FILL_AREA_STYLE_COLOUR ( '', #1053 ) ;
#307 = UNCERTAINTY_MEASURE_WITH_UNIT (LENGTH_MEASURE( 1.000000000000000082E-05 ), #1246, 'distance_accuracy_value', 'NONE');
#308 = DIRECTION ( 'NONE',  ( 0.0000000000000000000, 1.000000000000000000, -0.0000000000000000000 ) ) ;
#309 = SURFACE_STYLE_USAGE ( .BOTH. , #542 ) ;
#310 = DIRECTION ( 'NONE',  ( 0.0000000000000000000, 0.0000000000000000000, -1.000000000000000000 ) ) ;
#311 = VERTEX_POINT ( 'NONE', #528 ) ;
#312 =( NAMED_UNIT ( * ) SI_UNIT ( $, .STERADIAN. ) SOLID_ANGLE_UNIT ( ) );
#313 = DIRECTION ( 'NONE',  ( 0.0000000000000000000, 0.0000000000000000000, 1.000000000000000000 ) ) ;
#314 = DIRECTION ( 'NONE',  ( -1.000000000000000000, -0.0000000000000000000, -0.0000000000000000000 ) ) ;
#315 = DIRECTION ( 'NONE',  ( 0.0000000000000000000, -2.891205793294678326E-16, 1.000000000000000000 ) ) ;
#316 = EDGE_LOOP ( 'NONE', ( #806, #1488, #653, #108 ) ) ;
#317 = STYLED_ITEM ( 'NONE', ( #290 ), #335 ) ;
#318 = DIRECTION ( 'NONE',  ( 0.0000000000000000000, 0.0000000000000000000, -1.000000000000000000 ) ) ;
#319 = PRESENTATION_LAYER_ASSIGNMENT (  '', '', ( #71 ) ) ;
#320 = EDGE_CURVE ( 'NONE', #1365, #15, #74, .T. ) ;
#321 = PRESENTATION_LAYER_ASSIGNMENT (  '', '', ( #1203 ) ) ;
#322 = FILL_AREA_STYLE_COLOUR ( '', #565 ) ;
#323 = PRESENTATION_LAYER_ASSIGNMENT (  '', '', ( #486 ) ) ;
#324 =( NAMED_UNIT ( * ) PLANE_ANGLE_UNIT ( ) SI_UNIT ( $, .RADIAN. ) );
#325 = AXIS2_PLACEMENT_3D ( 'NONE', #99, #1163, #809 ) ;
#326 =( GEOMETRIC_REPRESENTATION_CONTEXT ( 3 ) GLOBAL_UNCERTAINTY_ASSIGNED_CONTEXT ( ( #1439 ) ) GLOBAL_UNIT_ASSIGNED_CONTEXT ( ( #9, #281, #610 ) ) REPRESENTATION_CONTEXT ( 'NONE', 'WORKASPACE' ) );
#327 = FILL_AREA_STYLE ('',( #294 ) ) ;
#328 = CARTESIAN_POINT ( 'NONE',  ( 5.899999999999999467, 0.0000000000000000000, 0.0000000000000000000 ) ) ;
#329 = EDGE_CURVE ( 'NONE', #1475, #1238, #145, .T. ) ;
#330 = FACE_OUTER_BOUND ( 'NONE', #886, .T. ) ;
#331 =( NAMED_UNIT ( * ) SI_UNIT ( $, .STERADIAN. ) SOLID_ANGLE_UNIT ( ) );
#332 = ORIENTED_EDGE ( 'NONE', *, *, #466, .T. ) ;
#333 = SURFACE_SIDE_STYLE ('',( #1490 ) ) ;
#334 = AXIS2_PLACEMENT_3D ( 'NONE', #665, #37, #68 ) ;
#335 = ADVANCED_FACE ( 'NONE', ( #513 ), #284, .T. ) ;
#336 = FILL_AREA_STYLE ('',( #917 ) ) ;
#337 = SURFACE_STYLE_USAGE ( .BOTH. , #244 ) ;
#338 = ORIENTED_EDGE ( 'NONE', *, *, #1043, .T. ) ;
#339 = AXIS2_PLACEMENT_3D ( 'NONE', #434, #282, #731 ) ;
#340 = DIRECTION ( 'NONE',  ( -1.000000000000000000, 0.0000000000000000000, 0.0000000000000000000 ) ) ;
#341 = AXIS2_PLACEMENT_3D ( 'NONE', #219, #1477, #1135 ) ;
#342 = AXIS2_PLACEMENT_3D ( 'NONE', #688, #340, #936 ) ;
#343 = LINE ( 'NONE', #921, #39 ) ;
#344 = AXIS2_PLACEMENT_3D ( 'NONE', #131, #166, #1084 ) ;
#345 =( GEOMETRIC_REPRESENTATION_CONTEXT ( 3 ) GLOBAL_UNCERTAINTY_ASSIGNED_CONTEXT ( ( #856 ) ) GLOBAL_UNIT_ASSIGNED_CONTEXT ( ( #855, #1240, #193 ) ) REPRESENTATION_CONTEXT ( 'NONE', 'WORKASPACE' ) );
#346 = MECHANICAL_DESIGN_GEOMETRIC_PRESENTATION_REPRESENTATION (  '', ( #925 ), #977 ) ;
#347 = CARTESIAN_POINT ( 'NONE',  ( 7.049999999999999822, 0.0000000000000000000, 0.0000000000000000000 ) ) ;
#348 = VERTEX_POINT ( 'NONE', #1092 ) ;
#349 = PLANE ( 'NONE',  #1456 ) ;
#350 = CARTESIAN_POINT ( 'NONE',  ( -2.000000000000000000, -0.3499999999999997002, -0.7500000000000005551 ) ) ;
#351 = ORIENTED_EDGE ( 'NONE', *, *, #177, .T. ) ;
#352 = FILL_AREA_STYLE ('',( #1402 ) ) ;
#353 = CYLINDRICAL_SURFACE ( 'NONE', #972, 0.2500000000000000000 ) ;
#354 = PRESENTATION_STYLE_ASSIGNMENT (( #724 ) ) ;
#355 = SURFACE_STYLE_FILL_AREA ( #327 ) ;
#356 = CIRCLE ( 'NONE', #35, 1.149999999999999911 ) ;
#357 = EDGE_LOOP ( 'NONE', ( #811, #733 ) ) ;
#358 =( NAMED_UNIT ( * ) SI_UNIT ( $, .STERADIAN. ) SOLID_ANGLE_UNIT ( ) );
#359 = VERTEX_POINT ( 'NONE', #194 ) ;
#360 = FILL_AREA_STYLE_COLOUR ( '', #1465 ) ;
#361 = FILL_AREA_STYLE ('',( #389 ) ) ;
#362 = STYLED_ITEM ( 'NONE', ( #1136 ), #1328 ) ;
#363 = PRESENTATION_LAYER_ASSIGNMENT (  '', '', ( #580 ) ) ;
#364 = PRESENTATION_LAYER_ASSIGNMENT (  '', '', ( #152 ) ) ;
#365 = ORIENTED_EDGE ( 'NONE', *, *, #437, .T. ) ;
#366 = SURFACE_STYLE_FILL_AREA ( #637 ) ;
#367 = CIRCLE ( 'NONE', #235, 0.2500000000000000000 ) ;
#368 = CARTESIAN_POINT ( 'NONE',  ( -7.022497216032182799, 8.572527594031471957E-17, -0.2500000000000000000 ) ) ;
#369 = DIRECTION ( 'NONE',  ( 1.000000000000000000, 0.0000000000000000000, 0.0000000000000000000 ) ) ;
#370 =( NAMED_UNIT ( * ) PLANE_ANGLE_UNIT ( ) SI_UNIT ( $, .RADIAN. ) );
#371 =( LENGTH_UNIT ( ) NAMED_UNIT ( * ) SI_UNIT ( .MILLI., .METRE. ) );
#372 = SURFACE_STYLE_USAGE ( .BOTH. , #1383 ) ;
#373 = EDGE_CURVE ( 'NONE', #452, #1332, #1497, .T. ) ;
#374 = ORIENTED_EDGE ( 'NONE', *, *, #689, .F. ) ;
#375 = PLANE ( 'NONE',  #151 ) ;
#376 = SURFACE_STYLE_FILL_AREA ( #1077 ) ;
#377 = UNCERTAINTY_MEASURE_WITH_UNIT (LENGTH_MEASURE( 1.000000000000000082E-05 ), #905, 'distance_accuracy_value', 'NONE');
#378 = CARTESIAN_POINT ( 'NONE',  ( 5.899999999999999467, 0.0000000000000000000, 0.0000000000000000000 ) ) ;
#379 = CARTESIAN_POINT ( 'NONE',  ( 5.899999999999999467, 0.0000000000000000000, 0.0000000000000000000 ) ) ;
#380 = SURFACE_SIDE_STYLE ('',( #186 ) ) ;
#381 =( NAMED_UNIT ( * ) SI_UNIT ( $, .STERADIAN. ) SOLID_ANGLE_UNIT ( ) );
#382 = DIRECTION ( 'NONE',  ( 0.0000000000000000000, 1.000000000000000000, -0.0000000000000000000 ) ) ;
#383 = LINE ( 'NONE', #1428, #998 ) ;
#384 = EDGE_CURVE ( 'NONE', #911, #408, #529, .T. ) ;
#385 =( NAMED_UNIT ( * ) SI_UNIT ( $, .STERADIAN. ) SOLID_ANGLE_UNIT ( ) );
#386 = ORIENTED_EDGE ( 'NONE', *, *, #1037, .F. ) ;
#387 = VECTOR ( 'NONE', #159, 1000.000000000000000 ) ;
#388 = CARTESIAN_POINT ( 'NONE',  ( 7.049999999999999822, 0.0000000000000000000, 0.0000000000000000000 ) ) ;
#389 = FILL_AREA_STYLE_COLOUR ( '', #12 ) ;
#390 = MECHANICAL_DESIGN_GEOMETRIC_PRESENTATION_REPRESENTATION (  '', ( #657 ), #1271 ) ;
#391 = FILL_AREA_STYLE ('',( #507 ) ) ;
#392 = DIRECTION ( 'NONE',  ( 0.0000000000000000000, -2.891205793294678326E-16, 1.000000000000000000 ) ) ;
#393 =( NAMED_UNIT ( * ) SI_UNIT ( $, .STERADIAN. ) SOLID_ANGLE_UNIT ( ) );
#394 = PRESENTATION_LAYER_ASSIGNMENT (  '', '', ( #925 ) ) ;
#395 = PRESENTATION_STYLE_ASSIGNMENT (( #402 ) ) ;
#396 = AXIS2_PLACEMENT_3D ( 'NONE', #566, #1299, #1429 ) ;
#397 = CARTESIAN_POINT ( 'NONE',  ( 5.899999999999999467, 0.0000000000000000000, -1.050000000000000044 ) ) ;
#398 = CARTESIAN_POINT ( 'NONE',  ( -10.00000000000000000, 3.061616997868383018E-17, 0.2500000000000000000 ) ) ;
#399 =( NAMED_UNIT ( * ) PLANE_ANGLE_UNIT ( ) SI_UNIT ( $, .RADIAN. ) );
#400 = CARTESIAN_POINT ( 'NONE',  ( -10.00000000000000000, 0.0000000000000000000, -0.2500000000000000000 ) ) ;
#401 = DIRECTION ( 'NONE',  ( 0.0000000000000000000, 0.0000000000000000000, 1.000000000000000000 ) ) ;
#402 = SURFACE_STYLE_USAGE ( .BOTH. , #860 ) ;
#403 = CARTESIAN_POINT ( 'NONE',  ( -6.099999999999999645, 0.3500000000000001998, -0.7499999999999998890 ) ) ;
#404 = CARTESIAN_POINT ( 'NONE',  ( 10.00000000000000000, 0.0000000000000000000, 0.2500000000000000000 ) ) ;
#405 = UNCERTAINTY_MEASURE_WITH_UNIT (LENGTH_MEASURE( 1.000000000000000082E-05 ), #168, 'distance_accuracy_value', 'NONE');
#406 = DIRECTION ( 'NONE',  ( 0.0000000000000000000, 0.0000000000000000000, 1.000000000000000000 ) ) ;
#407 = SURFACE_SIDE_STYLE ('',( #545 ) ) ;
#408 = VERTEX_POINT ( 'NONE', #175 ) ;
#409 = FACE_OUTER_BOUND ( 'NONE', #1193, .T. ) ;
#410 = COLOUR_RGB ( '',0.6509803921568627638, 0.6196078431372549211, 0.5882352941176470784 ) ;
#411 = SURFACE_STYLE_USAGE ( .BOTH. , #380 ) ;
#412 = EDGE_CURVE ( 'NONE', #348, #726, #631, .T. ) ;
#413 = DIRECTION ( 'NONE',  ( 0.0000000000000000000, 1.000000000000000000, -1.224646799147353207E-16 ) ) ;
#414 =( NAMED_UNIT ( * ) SI_UNIT ( $, .STERADIAN. ) SOLID_ANGLE_UNIT ( ) );
#415 = CYLINDRICAL_SURFACE ( 'NONE', #114, 0.2500000000000000000 ) ;
#416 = SURFACE_STYLE_USAGE ( .BOTH. , #407 ) ;
#417 =( GEOMETRIC_REPRESENTATION_CONTEXT ( 3 ) GLOBAL_UNCERTAINTY_ASSIGNED_CONTEXT ( ( #1241 ) ) GLOBAL_UNIT_ASSIGNED_CONTEXT ( ( #206, #399, #788 ) ) REPRESENTATION_CONTEXT ( 'NONE', 'WORKASPACE' ) );
#418 = STYLED_ITEM ( 'NONE', ( #1010 ), #1297 ) ;
#419 = ORIENTED_EDGE ( 'NONE', *, *, #30, .F. ) ;
#420 = AXIS2_PLACEMENT_3D ( 'NONE', #1237, #58, #515 ) ;
#421 = STYLED_ITEM ( 'NONE', ( #248 ), #1398 ) ;
#422 = CIRCLE ( 'NONE', #782, 1.149999999999999911 ) ;
#423 = VERTEX_POINT ( 'NONE', #1103 ) ;
#424 = AXIS2_PLACEMENT_3D ( 'NONE', #1357, #1250, #1113 ) ;
#425 = PRESENTATION_LAYER_ASSIGNMENT (  '', '', ( #684 ) ) ;
#426 = SURFACE_STYLE_USAGE ( .BOTH. , #302 ) ;
#427 = DIRECTION ( 'NONE',  ( -1.000000000000000000, -0.0000000000000000000, -0.0000000000000000000 ) ) ;
#428 = SURFACE_STYLE_FILL_AREA ( #1324 ) ;
#429 = EDGE_CURVE ( 'NONE', #1365, #423, #842, .T. ) ;
#430 = ORIENTED_EDGE ( 'NONE', *, *, #1060, .F. ) ;
#431 = SURFACE_SIDE_STYLE ('',( #770 ) ) ;
#432 = UNCERTAINTY_MEASURE_WITH_UNIT (LENGTH_MEASURE( 1.000000000000000082E-05 ), #991, 'distance_accuracy_value', 'NONE');
#433 = DIRECTION ( 'NONE',  ( 0.0000000000000000000, 0.0000000000000000000, 1.000000000000000000 ) ) ;
#434 = CARTESIAN_POINT ( 'NONE',  ( 10.00000000000000000, 0.0000000000000000000, 0.0000000000000000000 ) ) ;
#435 =( LENGTH_UNIT ( ) NAMED_UNIT ( * ) SI_UNIT ( .MILLI., .METRE. ) );
#436 =( NAMED_UNIT ( * ) SI_UNIT ( $, .STERADIAN. ) SOLID_ANGLE_UNIT ( ) );
#437 = EDGE_CURVE ( 'NONE', #1238, #1475, #1404, .T. ) ;
#438 = ORIENTED_EDGE ( 'NONE', *, *, #210, .F. ) ;
#439 = FILL_AREA_STYLE ('',( #200 ) ) ;
#440 = ORIENTED_EDGE ( 'NONE', *, *, #228, .T. ) ;
#441 = LINE ( 'NONE', #1138, #744 ) ;
#442 =( NAMED_UNIT ( * ) PLANE_ANGLE_UNIT ( ) SI_UNIT ( $, .RADIAN. ) );
#443 = EDGE_LOOP ( 'NONE', ( #681, #161, #696, #1473 ) ) ;
#444 = SURFACE_SIDE_STYLE ('',( #84 ) ) ;
#445 = CIRCLE ( 'NONE', #677, 0.2500000000000000000 ) ;
#446 = STYLED_ITEM ( 'NONE', ( #960 ), #692 ) ;
#447 = AXIS2_PLACEMENT_3D ( 'NONE', #266, #718, #1312 ) ;
#448 = SURFACE_STYLE_FILL_AREA ( #1480 ) ;
#449 = EDGE_CURVE ( 'NONE', #1281, #462, #441, .T. ) ;
#450 =( GEOMETRIC_REPRESENTATION_CONTEXT ( 3 ) GLOBAL_UNCERTAINTY_ASSIGNED_CONTEXT ( ( #1353 ) ) GLOBAL_UNIT_ASSIGNED_CONTEXT ( ( #49, #1335, #414 ) ) REPRESENTATION_CONTEXT ( 'NONE', 'WORKASPACE' ) );
#451 = DIRECTION ( 'NONE',  ( -1.000000000000000000, -0.0000000000000000000, -0.0000000000000000000 ) ) ;
#452 = VERTEX_POINT ( 'NONE', #791 ) ;
#453 = SURFACE_SIDE_STYLE ('',( #1036 ) ) ;
#454 = CARTESIAN_POINT ( 'NONE',  ( -6.099999999999999645, 0.2499999999999997780, 0.7500000000000001110 ) ) ;
#455 = DIRECTION ( 'NONE',  ( -1.000000000000000000, 0.0000000000000000000, 0.0000000000000000000 ) ) ;
#456 = SURFACE_SIDE_STYLE ('',( #1283 ) ) ;
#457 = ORIENTED_EDGE ( 'NONE', *, *, #1431, .F. ) ;
#458 =( NAMED_UNIT ( * ) PLANE_ANGLE_UNIT ( ) SI_UNIT ( $, .RADIAN. ) );
#459 = MECHANICAL_DESIGN_GEOMETRIC_PRESENTATION_REPRESENTATION (  '', ( #1093 ), #813 ) ;
#460 = DIRECTION ( 'NONE',  ( 1.000000000000000000, 0.0000000000000000000, 0.0000000000000000000 ) ) ;
#461 = FILL_AREA_STYLE ('',( #810 ) ) ;
#462 = VERTEX_POINT ( 'NONE', #1270 ) ;
#463 = AXIS2_PLACEMENT_3D ( 'NONE', #668, #904, #1142 ) ;
#464 =( GEOMETRIC_REPRESENTATION_CONTEXT ( 3 ) GLOBAL_UNCERTAINTY_ASSIGNED_CONTEXT ( ( #954 ) ) GLOBAL_UNIT_ASSIGNED_CONTEXT ( ( #1239, #646, #60 ) ) REPRESENTATION_CONTEXT ( 'NONE', 'WORKASPACE' ) );
#465 = CIRCLE ( 'NONE', #1346, 1.050000000000000044 ) ;
#466 = EDGE_CURVE ( 'NONE', #830, #1424, #242, .T. ) ;
#467 = CARTESIAN_POINT ( 'NONE',  ( -6.919803902718556721, 7.960204194457795477E-17, -0.2500000000000000000 ) ) ;
#468 = ORIENTED_EDGE ( 'NONE', *, *, #473, .T. ) ;
#469 =( LENGTH_UNIT ( ) NAMED_UNIT ( * ) SI_UNIT ( .MILLI., .METRE. ) );
#470 = SURFACE_SIDE_STYLE ('',( #355 ) ) ;
#471 = ORIENTED_EDGE ( 'NONE', *, *, #483, .F. ) ;
#472 =( LENGTH_UNIT ( ) NAMED_UNIT ( * ) SI_UNIT ( .MILLI., .METRE. ) );
#473 = EDGE_CURVE ( 'NONE', #348, #575, #1496, .T. ) ;
#474 = VERTEX_POINT ( 'NONE', #454 ) ;
#475 =( LENGTH_UNIT ( ) NAMED_UNIT ( * ) SI_UNIT ( .MILLI., .METRE. ) );
#476 = CARTESIAN_POINT ( 'NONE',  ( 2.000000000000000000, 0.3500000000000001998, -0.7499999999999998890 ) ) ;
#477 = CLOSED_SHELL ( 'NONE', ( #1140, #984, #1148, #895, #797, #1245, #1348, #834, #113, #1491, #1022, #1452 ) ) ;
#478 = CARTESIAN_POINT ( 'NONE',  ( 10.00000000000000000, 0.0000000000000000000, 0.2500000000000000000 ) ) ;
#479 =( NAMED_UNIT ( * ) SI_UNIT ( $, .STERADIAN. ) SOLID_ANGLE_UNIT ( ) );
#480 =( NAMED_UNIT ( * ) SI_UNIT ( $, .STERADIAN. ) SOLID_ANGLE_UNIT ( ) );
#481 = VECTOR ( 'NONE', #499, 1000.000000000000000 ) ;
#482 = DIRECTION ( 'NONE',  ( -1.000000000000000000, -0.0000000000000000000, -0.0000000000000000000 ) ) ;
#483 = EDGE_CURVE ( 'NONE', #1424, #77, #343, .T. ) ;
#484 = PRESENTATION_LAYER_ASSIGNMENT (  '', '', ( #446 ) ) ;
#485 =( GEOMETRIC_REPRESENTATION_CONTEXT ( 3 ) GLOBAL_UNCERTAINTY_ASSIGNED_CONTEXT ( ( #1067 ) ) GLOBAL_UNIT_ASSIGNED_CONTEXT ( ( #831, #458, #480 ) ) REPRESENTATION_CONTEXT ( 'NONE', 'WORKASPACE' ) );
#486 = STYLED_ITEM ( 'NONE', ( #38 ), #1479 ) ;
#487 = ORIENTED_EDGE ( 'NONE', *, *, #1403, .T. ) ;
#488 = MECHANICAL_DESIGN_GEOMETRIC_PRESENTATION_REPRESENTATION (  '', ( #539 ), #126 ) ;
#489 = FILL_AREA_STYLE_COLOUR ( '', #902 ) ;
#490 = PRESENTATION_STYLE_ASSIGNMENT (( #32 ) ) ;
#491 = LINE ( 'NONE', #398, #185 ) ;
#492 = CARTESIAN_POINT ( 'NONE',  ( -2.000000000000000000, -0.3499999999999997002, -0.7500000000000005551 ) ) ;
#493 = EDGE_CURVE ( 'NONE', #15, #462, #900, .T. ) ;
#494 = CARTESIAN_POINT ( 'NONE',  ( -10.00000000000000000, 0.0000000000000000000, -0.2500000000000000000 ) ) ;
#495 = SURFACE_STYLE_FILL_AREA ( #272 ) ;
#496 = PRESENTATION_STYLE_ASSIGNMENT (( #970 ) ) ;
#497 = FILL_AREA_STYLE ('',( #1326 ) ) ;
#498 = DIRECTION ( 'NONE',  ( 0.0000000000000000000, 0.0000000000000000000, -1.000000000000000000 ) ) ;
#499 = DIRECTION ( 'NONE',  ( -0.0000000000000000000, 2.891205793294678326E-16, -1.000000000000000000 ) ) ;
#500 = FILL_AREA_STYLE_COLOUR ( '', #1334 ) ;
#501 = SURFACE_SIDE_STYLE ('',( #366 ) ) ;
#502 = CIRCLE ( 'NONE', #693, 0.2500000000000000000 ) ;
#503 = SURFACE_STYLE_FILL_AREA ( #26 ) ;
#504 = CARTESIAN_POINT ( 'NONE',  ( 7.049999999999999822, 1.285879139104720732E-16, -1.050000000000000044 ) ) ;
#505 = DIRECTION ( 'NONE',  ( 0.0000000000000000000, 0.0000000000000000000, -1.000000000000000000 ) ) ;
#506 = AXIS2_PLACEMENT_3D ( 'NONE', #857, #871, #401 ) ;
#507 = FILL_AREA_STYLE_COLOUR ( '', #1274 ) ;
#508 = MECHANICAL_DESIGN_GEOMETRIC_PRESENTATION_REPRESENTATION (  '', ( #14 ), #417 ) ;
#509 = STYLED_ITEM ( 'NONE', ( #354 ), #834 ) ;
#510 = SURFACE_SIDE_STYLE ('',( #1425 ) ) ;
#511 = MECHANICAL_DESIGN_GEOMETRIC_PRESENTATION_REPRESENTATION (  '', ( #1161 ), #345 ) ;
#512 = LINE ( 'NONE', #1309, #47 ) ;
#513 = FACE_OUTER_BOUND ( 'NONE', #1493, .T. ) ;
#514 =( NAMED_UNIT ( * ) SI_UNIT ( $, .STERADIAN. ) SOLID_ANGLE_UNIT ( ) );
#515 = DIRECTION ( 'NONE',  ( 0.0000000000000000000, 0.0000000000000000000, -1.000000000000000000 ) ) ;
#516 = SURFACE_STYLE_FILL_AREA ( #274 ) ;
#517 = ORIENTED_EDGE ( 'NONE', *, *, #1236, .T. ) ;
#518 = DIRECTION ( 'NONE',  ( 0.0000000000000000000, -1.224646799147353207E-16, 1.000000000000000000 ) ) ;
#519 = EDGE_CURVE ( 'NONE', #311, #276, #690, .T. ) ;
#520 = DIRECTION ( 'NONE',  ( 0.0000000000000000000, 0.0000000000000000000, -1.000000000000000000 ) ) ;
#521 = UNCERTAINTY_MEASURE_WITH_UNIT (LENGTH_MEASURE( 1.000000000000000082E-05 ), #469, 'distance_accuracy_value', 'NONE');
#522 = LINE ( 'NONE', #1447, #869 ) ;
#523 = CARTESIAN_POINT ( 'NONE',  ( -6.099999999999999645, 0.3499999999999997558, 0.7500000000000001110 ) ) ;
#524 = EDGE_LOOP ( 'NONE', ( #841, #1360, #1284, #966 ) ) ;
#525 = EDGE_LOOP ( 'NONE', ( #115, #1085, #577, #1134 ) ) ;
#526 = LINE ( 'NONE', #404, #279 ) ;
#527 = ADVANCED_FACE ( 'NONE', ( #221 ), #1082, .F. ) ;
#528 = CARTESIAN_POINT ( 'NONE',  ( 10.00000000000000000, 3.061616997868383018E-17, -0.2500000000000000000 ) ) ;
#529 = CIRCLE ( 'NONE', #1366, 1.050000000000000044 ) ;
#530 =( NAMED_UNIT ( * ) SI_UNIT ( $, .STERADIAN. ) SOLID_ANGLE_UNIT ( ) );
#531 = MECHANICAL_DESIGN_GEOMETRIC_PRESENTATION_REPRESENTATION (  '', ( #1278 ), #485 ) ;
#532 = ORIENTED_EDGE ( 'NONE', *, *, #1043, .F. ) ;
#533 = CIRCLE ( 'NONE', #1370, 1.149999999999999911 ) ;
#534 = DIRECTION ( 'NONE',  ( 0.0000000000000000000, -1.000000000000000000, -2.891205793294678326E-16 ) ) ;
#535 = AXIS2_PLACEMENT_3D ( 'NONE', #347, #1040, #1385 ) ;
#536 = COLOUR_RGB ( '',0.3882352941176470673, 0.8588235294117646523, 0.3882352941176470673 ) ;
#537 = ORIENTED_EDGE ( 'NONE', *, *, #280, .T. ) ;
#538 = CIRCLE ( 'NONE', #424, 0.2500000000000000000 ) ;
#539 = STYLED_ITEM ( 'NONE', ( #612 ), #1108 ) ;
#540 = UNCERTAINTY_MEASURE_WITH_UNIT (LENGTH_MEASURE( 1.000000000000000082E-05 ), #155, 'distance_accuracy_value', 'NONE');
#541 = CARTESIAN_POINT ( 'NONE',  ( 2.000000000000000000, 0.2500000000000002220, -0.7499999999999998890 ) ) ;
#542 = SURFACE_SIDE_STYLE ('',( #883 ) ) ;
#543 = ADVANCED_FACE ( 'NONE', ( #1255 ), #1206, .F. ) ;
#544 = DIRECTION ( 'NONE',  ( 0.0000000000000000000, 0.0000000000000000000, -1.000000000000000000 ) ) ;
#545 = SURFACE_STYLE_FILL_AREA ( #1021 ) ;
#546 =( NAMED_UNIT ( * ) SI_UNIT ( $, .STERADIAN. ) SOLID_ANGLE_UNIT ( ) );
#547 = ADVANCED_FACE ( 'NONE', ( #129 ), #349, .T. ) ;
#548 = ORIENTED_EDGE ( 'NONE', *, *, #62, .F. ) ;
#549 = DIRECTION ( 'NONE',  ( -1.000000000000000000, -0.0000000000000000000, -0.0000000000000000000 ) ) ;
#550 = ORIENTED_EDGE ( 'NONE', *, *, #560, .T. ) ;
#551 = FILL_AREA_STYLE_COLOUR ( '', #641 ) ;
#552 = CARTESIAN_POINT ( 'NONE',  ( 6.099999999999999645, -0.2500000000000001110, 0.7499999999999994449 ) ) ;
#553 = ORIENTED_EDGE ( 'NONE', *, *, #1, .F. ) ;
#554 = FILL_AREA_STYLE ('',( #1099 ) ) ;
#555 = CARTESIAN_POINT ( 'NONE',  ( 2.000000000000000000, 0.2500000000000002220, -0.7499999999999998890 ) ) ;
#556 = DIRECTION ( 'NONE',  ( 1.000000000000000000, 0.0000000000000000000, 0.0000000000000000000 ) ) ;
#557 = LINE ( 'NONE', #217, #46 ) ;
#558 = MECHANICAL_DESIGN_GEOMETRIC_PRESENTATION_REPRESENTATION (  '', ( #317 ), #1230 ) ;
#559 = DIRECTION ( 'NONE',  ( 0.0000000000000000000, -2.891205793294678326E-16, 1.000000000000000000 ) ) ;
#560 = EDGE_CURVE ( 'NONE', #1379, #832, #22, .T. ) ;
#561 = AXIS2_PLACEMENT_3D ( 'NONE', #737, #1260, #1024 ) ;
#562 = EDGE_LOOP ( 'NONE', ( #332, #645, #1476, #1406 ) ) ;
#563 = AXIS2_PLACEMENT_3D ( 'NONE', #1165, #110, #229 ) ;
#564 = AXIS2_PLACEMENT_3D ( 'NONE', #854, #369, #1068 ) ;
#565 = COLOUR_RGB ( '',0.7921568627450980005, 0.8196078431372548767, 0.9333333333333333481 ) ;
#566 = CARTESIAN_POINT ( 'NONE',  ( 10.00000000000000000, 0.0000000000000000000, 0.0000000000000000000 ) ) ;
#567 = ORIENTED_EDGE ( 'NONE', *, *, #712, .T. ) ;
#568 = FACE_OUTER_BOUND ( 'NONE', #443, .T. ) ;
#569 = PRESENTATION_STYLE_ASSIGNMENT (( #1381 ) ) ;
#570 = SURFACE_STYLE_USAGE ( .BOTH. , #109 ) ;
#571 = SURFACE_STYLE_FILL_AREA ( #584 ) ;
#572 = EDGE_LOOP ( 'NONE', ( #230, #1399, #648, #1141 ) ) ;
#573 = LINE ( 'NONE', #1048, #96 ) ;
#574 = EDGE_CURVE ( 'NONE', #1475, #1096, #660, .T. ) ;
#575 = VERTEX_POINT ( 'NONE', #742 ) ;
#576 = FILL_AREA_STYLE_COLOUR ( '', #1233 ) ;
#577 = ORIENTED_EDGE ( 'NONE', *, *, #82, .T. ) ;
#578 = AXIS2_PLACEMENT_3D ( 'NONE', #328, #1049, #785 ) ;
#579 = MECHANICAL_DESIGN_GEOMETRIC_PRESENTATION_REPRESENTATION (  '', ( #943 ), #1434 ) ;
#580 = STYLED_ITEM ( 'NONE', ( #1471 ), #730 ) ;
#581 = COLOUR_RGB ( '',0.6509803921568627638, 0.6196078431372549211, 0.5882352941176470784 ) ;
#582 = AXIS2_PLACEMENT_3D ( 'NONE', #388, #163, #1437 ) ;
#583 = EDGE_CURVE ( 'NONE', #1332, #452, #1076, .T. ) ;
#584 = FILL_AREA_STYLE ('',( #576 ) ) ;
#585 = ORIENTED_EDGE ( 'NONE', *, *, #384, .T. ) ;
#586 = PRESENTATION_STYLE_ASSIGNMENT (( #1489 ) ) ;
#587 = SURFACE_STYLE_FILL_AREA ( #352 ) ;
#588 = FILL_AREA_STYLE_COLOUR ( '', #1204 ) ;
#589 = LINE ( 'NONE', #7, #893 ) ;
#590 = FACE_OUTER_BOUND ( 'NONE', #1251, .T. ) ;
#591 = EDGE_CURVE ( 'NONE', #1238, #662, #844, .T. ) ;
#592 = ORIENTED_EDGE ( 'NONE', *, *, #228, .F. ) ;
#593 = PLANE ( 'NONE',  #749 ) ;
#594 = DIRECTION ( 'NONE',  ( -0.0000000000000000000, 1.000000000000000000, 0.0000000000000000000 ) ) ;
#595 = EDGE_LOOP ( 'NONE', ( #878, #919, #755, #1386 ) ) ;
#596 = DIRECTION ( 'NONE',  ( 0.0000000000000000000, -1.000000000000000000, 1.084202172485504040E-15 ) ) ;
#597 = FILL_AREA_STYLE_COLOUR ( '', #581 ) ;
#598 = SPHERICAL_SURFACE ( 'NONE', #1369, 1.149999999999999911 ) ;
#599 = EDGE_CURVE ( 'NONE', #1359, #474, #1091, .T. ) ;
#600 = MECHANICAL_DESIGN_GEOMETRIC_PRESENTATION_REPRESENTATION (  '', ( #71 ), #1339 ) ;
#601 = PRESENTATION_LAYER_ASSIGNMENT (  '', '', ( #943 ) ) ;
#602 = STYLED_ITEM ( 'NONE', ( #1072 ), #805 ) ;
#603 = FILL_AREA_STYLE ('',( #1197 ) ) ;
#604 =( NAMED_UNIT ( * ) PLANE_ANGLE_UNIT ( ) SI_UNIT ( $, .RADIAN. ) );
#605 = EDGE_LOOP ( 'NONE', ( #1023, #351, #1450, #935 ) ) ;
#606 =( GEOMETRIC_REPRESENTATION_CONTEXT ( 3 ) GLOBAL_UNCERTAINTY_ASSIGNED_CONTEXT ( ( #307 ) ) GLOBAL_UNIT_ASSIGNED_CONTEXT ( ( #1246, #897, #231 ) ) REPRESENTATION_CONTEXT ( 'NONE', 'WORKASPACE' ) );
#607 = CARTESIAN_POINT ( 'NONE',  ( 6.099999999999999645, -0.2500000000000001110, 0.7499999999999994449 ) ) ;
#608 = SURFACE_SIDE_STYLE ('',( #150 ) ) ;
#609 =( NAMED_UNIT ( * ) SI_UNIT ( $, .STERADIAN. ) SOLID_ANGLE_UNIT ( ) );
#610 =( NAMED_UNIT ( * ) SI_UNIT ( $, .STERADIAN. ) SOLID_ANGLE_UNIT ( ) );
#611 = DIRECTION ( 'NONE',  ( -1.000000000000000000, 0.0000000000000000000, 0.0000000000000000000 ) ) ;
#612 = PRESENTATION_STYLE_ASSIGNMENT (( #964 ) ) ;
#613 = UNCERTAINTY_MEASURE_WITH_UNIT (LENGTH_MEASURE( 1.000000000000000082E-05 ), #1225, 'distance_accuracy_value', 'NONE');
#614 = PRESENTATION_STYLE_ASSIGNMENT (( #23 ) ) ;
#615 = FACE_OUTER_BOUND ( 'NONE', #867, .T. ) ;
#616 =( NAMED_UNIT ( * ) PLANE_ANGLE_UNIT ( ) SI_UNIT ( $, .RADIAN. ) );
#617 = FILL_AREA_STYLE_COLOUR ( '', #72 ) ;
#618 = UNCERTAINTY_MEASURE_WITH_UNIT (LENGTH_MEASURE( 1.000000000000000082E-05 ), #1333, 'distance_accuracy_value', 'NONE');
#619 = CARTESIAN_POINT ( 'NONE',  ( 5.000000000000000000, 0.0000000000000000000, 0.0000000000000000000 ) ) ;
#620 = FILL_AREA_STYLE_COLOUR ( '', #153 ) ;
#621 = CARTESIAN_POINT ( 'NONE',  ( -2.000000000000000000, -0.2499999999999996669, -0.7500000000000005551 ) ) ;
#622 = CARTESIAN_POINT ( 'NONE',  ( -5.899999999999999467, 0.0000000000000000000, 0.0000000000000000000 ) ) ;
#623 = ADVANCED_FACE ( 'NONE', ( #1252 ), #173, .F. ) ;
#624 = ORIENTED_EDGE ( 'NONE', *, *, #519, .T. ) ;
#625 = PRESENTATION_LAYER_ASSIGNMENT (  '', '', ( #1093 ) ) ;
#626 = ORIENTED_EDGE ( 'NONE', *, *, #1139, .F. ) ;
#627 = CARTESIAN_POINT ( 'NONE',  ( 5.899999999999999467, 0.0000000000000000000, 0.0000000000000000000 ) ) ;
#628 = PRESENTATION_STYLE_ASSIGNMENT (( #1098 ) ) ;
#629 = CARTESIAN_POINT ( 'NONE',  ( -2.000000000000000000, -0.3499999999999997002, -0.7500000000000005551 ) ) ;
#630 = PRESENTATION_STYLE_ASSIGNMENT (( #411 ) ) ;
#631 = LINE ( 'NONE', #649, #1313 ) ;
#632 =( GEOMETRIC_REPRESENTATION_CONTEXT ( 3 ) GLOBAL_UNCERTAINTY_ASSIGNED_CONTEXT ( ( #1146 ) ) GLOBAL_UNIT_ASSIGNED_CONTEXT ( ( #264, #1192, #381 ) ) REPRESENTATION_CONTEXT ( 'NONE', 'WORKASPACE' ) );
#633 = CARTESIAN_POINT ( 'NONE',  ( 5.899999999999999467, 0.0000000000000000000, 0.0000000000000000000 ) ) ;
#634 = PRESENTATION_LAYER_ASSIGNMENT (  '', '', ( #252 ) ) ;
#635 = PRESENTATION_LAYER_ASSIGNMENT (  '', '', ( #362 ) ) ;
#636 =( GEOMETRIC_REPRESENTATION_CONTEXT ( 3 ) GLOBAL_UNCERTAINTY_ASSIGNED_CONTEXT ( ( #405 ) ) GLOBAL_UNIT_ASSIGNED_CONTEXT ( ( #168, #81, #1226 ) ) REPRESENTATION_CONTEXT ( 'NONE', 'WORKASPACE' ) );
#637 = FILL_AREA_STYLE ('',( #734 ) ) ;
#638 = MECHANICAL_DESIGN_GEOMETRIC_PRESENTATION_REPRESENTATION (  '', ( #509 ), #725 ) ;
#639 = ORIENTED_EDGE ( 'NONE', *, *, #1015, .F. ) ;
#640 = CARTESIAN_POINT ( 'NONE',  ( -5.899999999999999467, 0.0000000000000000000, 0.0000000000000000000 ) ) ;
#641 = COLOUR_RGB ( '',0.3882352941176470673, 0.8588235294117646523, 0.3882352941176470673 ) ;
#642 = DIRECTION ( 'NONE',  ( 0.0000000000000000000, -1.224646799147352961E-16, 1.000000000000000000 ) ) ;
#643 =( NAMED_UNIT ( * ) SI_UNIT ( $, .STERADIAN. ) SOLID_ANGLE_UNIT ( ) );
#644 = FILL_AREA_STYLE ('',( #659 ) ) ;
#645 = ORIENTED_EDGE ( 'NONE', *, *, #483, .T. ) ;
#646 =( NAMED_UNIT ( * ) PLANE_ANGLE_UNIT ( ) SI_UNIT ( $, .RADIAN. ) );
#647 = EDGE_CURVE ( 'NONE', #575, #1379, #1426, .T. ) ;
#648 = ORIENTED_EDGE ( 'NONE', *, *, #753, .T. ) ;
#649 = CARTESIAN_POINT ( 'NONE',  ( -2.000000000000000000, -0.2500000000000001110, 0.7499999999999994449 ) ) ;
#650 =( LENGTH_UNIT ( ) NAMED_UNIT ( * ) SI_UNIT ( .MILLI., .METRE. ) );
#651 = CARTESIAN_POINT ( 'NONE',  ( -2.000000000000000000, -0.2499999999999996669, -0.7500000000000005551 ) ) ;
#652 = DIRECTION ( 'NONE',  ( 0.0000000000000000000, -1.000000000000000000, 0.0000000000000000000 ) ) ;
#653 = ORIENTED_EDGE ( 'NONE', *, *, #591, .T. ) ;
#654 = EDGE_CURVE ( 'NONE', #719, #726, #1327, .T. ) ;
#655 = CARTESIAN_POINT ( 'NONE',  ( 5.000000000000000000, 0.0000000000000000000, 0.0000000000000000000 ) ) ;
#656 = SURFACE_STYLE_FILL_AREA ( #1119 ) ;
#657 = STYLED_ITEM ( 'NONE', ( #1211 ), #214 ) ;
#658 = FACE_OUTER_BOUND ( 'NONE', #892, .T. ) ;
#659 = FILL_AREA_STYLE_COLOUR ( '', #1105 ) ;
#660 = CIRCLE ( 'NONE', #1126, 1.050000000000000044 ) ;
#661 = COLOUR_RGB ( '',1.000000000000000000, 0.8117647058823529438, 0.5019607843137254832 ) ;
#662 = VERTEX_POINT ( 'NONE', #1486 ) ;
#663 = MECHANICAL_DESIGN_GEOMETRIC_PRESENTATION_REPRESENTATION (  '', ( #183 ), #1032 ) ;
#664 = PLANE ( 'NONE',  #342 ) ;
#665 = CARTESIAN_POINT ( 'NONE',  ( 10.00000000000000000, 0.0000000000000000000, 0.0000000000000000000 ) ) ;
#666 =( NAMED_UNIT ( * ) PLANE_ANGLE_UNIT ( ) SI_UNIT ( $, .RADIAN. ) );
#667 = ORIENTED_EDGE ( 'NONE', *, *, #647, .F. ) ;
#668 = CARTESIAN_POINT ( 'NONE',  ( 5.899999999999999467, 0.0000000000000000000, 0.0000000000000000000 ) ) ;
#669 =( LENGTH_UNIT ( ) NAMED_UNIT ( * ) SI_UNIT ( .MILLI., .METRE. ) );
#670 = UNCERTAINTY_MEASURE_WITH_UNIT (LENGTH_MEASURE( 1.000000000000000082E-05 ), #1469, 'distance_accuracy_value', 'NONE');
#671 = DIRECTION ( 'NONE',  ( 0.0000000000000000000, 0.0000000000000000000, 1.000000000000000000 ) ) ;
#672 = ADVANCED_FACE ( 'NONE', ( #1397 ), #1177, .T. ) ;
#673 = FILL_AREA_STYLE ('',( #306 ) ) ;
#674 = FACE_OUTER_BOUND ( 'NONE', #717, .T. ) ;
#675 = PRESENTATION_LAYER_ASSIGNMENT (  '', '', ( #1222 ) ) ;
#676 = FILL_AREA_STYLE ('',( #227 ) ) ;
#677 = AXIS2_PLACEMENT_3D ( 'NONE', #814, #11, #940 ) ;
#678 = ORIENTED_EDGE ( 'NONE', *, *, #62, .T. ) ;
#679 = COLOUR_RGB ( '',0.3882352941176470673, 0.8588235294117646523, 0.3882352941176470673 ) ;
#680 = CARTESIAN_POINT ( 'NONE',  ( 7.022497216032182799, 0.0000000000000000000, 0.0000000000000000000 ) ) ;
#681 = ORIENTED_EDGE ( 'NONE', *, *, #784, .T. ) ;
#682 = AXIS2_PLACEMENT_3D ( 'NONE', #1244, #1474, #818 ) ;
#683 = SPHERICAL_SURFACE ( 'NONE', #1035, 1.149999999999999911 ) ;
#684 = STYLED_ITEM ( 'NONE', ( #1145 ), #1140 ) ;
#685 = APPLICATION_PROTOCOL_DEFINITION ( 'draft international standard', 'automotive_design', 1998, #1487 ) ;
#686 = CYLINDRICAL_SURFACE ( 'NONE', #535, 1.149999999999999911 ) ;
#687 = ORIENTED_EDGE ( 'NONE', *, *, #1304, .F. ) ;
#688 = CARTESIAN_POINT ( 'NONE',  ( -6.099999999999999645, 0.0000000000000000000, 0.0000000000000000000 ) ) ;
#689 = EDGE_CURVE ( 'NONE', #726, #1227, #134, .T. ) ;
#690 = LINE ( 'NONE', #233, #292 ) ;
#691 = ORIENTED_EDGE ( 'NONE', *, *, #473, .F. ) ;
#692 = ADVANCED_FACE ( 'NONE', ( #590 ), #1074, .T. ) ;
#693 = AXIS2_PLACEMENT_3D ( 'NONE', #1492, #556, #922 ) ;
#694 =( NAMED_UNIT ( * ) PLANE_ANGLE_UNIT ( ) SI_UNIT ( $, .RADIAN. ) );
#695 = PRESENTATION_STYLE_ASSIGNMENT (( #792 ) ) ;
#696 = ORIENTED_EDGE ( 'NONE', *, *, #1431, .T. ) ;
#697 = VECTOR ( 'NONE', #1367, 1000.000000000000000 ) ;
#698 = SURFACE_SIDE_STYLE ('',( #1167 ) ) ;
#699 = PRESENTATION_LAYER_ASSIGNMENT (  '', '', ( #1280 ) ) ;
#700 = DIRECTION ( 'NONE',  ( 0.0000000000000000000, 0.0000000000000000000, 1.000000000000000000 ) ) ;
#701 = MECHANICAL_DESIGN_GEOMETRIC_PRESENTATION_REPRESENTATION (  '', ( #1081 ), #1056 ) ;
#702 = DIRECTION ( 'NONE',  ( 0.0000000000000000000, 0.0000000000000000000, -1.000000000000000000 ) ) ;
#703 =( NAMED_UNIT ( * ) PLANE_ANGLE_UNIT ( ) SI_UNIT ( $, .RADIAN. ) );
#704 = VECTOR ( 'NONE', #652, 1000.000000000000000 ) ;
#705 = LINE ( 'NONE', #1416, #1149 ) ;
#706 =( NAMED_UNIT ( * ) PLANE_ANGLE_UNIT ( ) SI_UNIT ( $, .RADIAN. ) );
#707 = PRESENTATION_STYLE_ASSIGNMENT (( #1300 ) ) ;
#708 = SURFACE_STYLE_FILL_AREA ( #497 ) ;
#709 = FILL_AREA_STYLE ('',( #4 ) ) ;
#710 = SURFACE_SIDE_STYLE ('',( #957 ) ) ;
#711 = ORIENTED_EDGE ( 'NONE', *, *, #784, .F. ) ;
#712 = EDGE_CURVE ( 'NONE', #15, #286, #1316, .T. ) ;
#713 = CARTESIAN_POINT ( 'NONE',  ( 2.000000000000000000, 0.3500000000000001998, -0.7499999999999998890 ) ) ;
#714 = SURFACE_SIDE_STYLE ('',( #708 ) ) ;
#715 = CARTESIAN_POINT ( 'NONE',  ( 6.099999999999999645, -0.3499999999999997002, -0.7500000000000005551 ) ) ;
#716 = FILL_AREA_STYLE ('',( #588 ) ) ;
#717 = EDGE_LOOP ( 'NONE', ( #147, #624, #1212, #430 ) ) ;
#718 = DIRECTION ( 'NONE',  ( -1.000000000000000000, -0.0000000000000000000, -0.0000000000000000000 ) ) ;
#719 = VERTEX_POINT ( 'NONE', #775 ) ;
#720 = COLOUR_RGB ( '',0.7921568627450980005, 0.8196078431372548767, 0.9333333333333333481 ) ;
#721 = CYLINDRICAL_SURFACE ( 'NONE', #951, 0.2500000000000000000 ) ;
#722 = FILL_AREA_STYLE_COLOUR ( '', #849 ) ;
#723 = AXIS2_PLACEMENT_3D ( 'NONE', #258, #611, #700 ) ;
#724 = SURFACE_STYLE_USAGE ( .BOTH. , #1310 ) ;
#725 =( GEOMETRIC_REPRESENTATION_CONTEXT ( 3 ) GLOBAL_UNCERTAINTY_ASSIGNED_CONTEXT ( ( #870 ) ) GLOBAL_UNIT_ASSIGNED_CONTEXT ( ( #158, #703, #988 ) ) REPRESENTATION_CONTEXT ( 'NONE', 'WORKASPACE' ) );
#726 = VERTEX_POINT ( 'NONE', #552 ) ;
#727 = CARTESIAN_POINT ( 'NONE',  ( 5.899999999999999467, 1.285879139104720732E-16, 1.050000000000000044 ) ) ;
#728 = FILL_AREA_STYLE_COLOUR ( '', #148 ) ;
#729 = DIRECTION ( 'NONE',  ( 0.0000000000000000000, 0.0000000000000000000, -1.000000000000000000 ) ) ;
#730 = ADVANCED_FACE ( 'NONE', ( #189 ), #1242, .T. ) ;
#731 = DIRECTION ( 'NONE',  ( 0.0000000000000000000, 0.0000000000000000000, 1.000000000000000000 ) ) ;
#732 = CARTESIAN_POINT ( 'NONE',  ( 5.899999999999999467, 0.0000000000000000000, 0.0000000000000000000 ) ) ;
#733 = ORIENTED_EDGE ( 'NONE', *, *, #898, .T. ) ;
#734 = FILL_AREA_STYLE_COLOUR ( '', #299 ) ;
#735 =( NAMED_UNIT ( * ) PLANE_ANGLE_UNIT ( ) SI_UNIT ( $, .RADIAN. ) );
#736 = UNCERTAINTY_MEASURE_WITH_UNIT (LENGTH_MEASURE( 1.000000000000000082E-05 ), #669, 'distance_accuracy_value', 'NONE');
#737 = CARTESIAN_POINT ( 'NONE',  ( -6.919803902718556721, 0.0000000000000000000, 0.0000000000000000000 ) ) ;
#738 = CARTESIAN_POINT ( 'NONE',  ( 10.00000000000000000, 0.0000000000000000000, 0.0000000000000000000 ) ) ;
#739 = PRODUCT_RELATED_PRODUCT_CATEGORY ( 'part', '', ( #1184 ) ) ;
#740 = EDGE_LOOP ( 'NONE', ( #1166, #374, #1292, #468 ) ) ;
#741 = CARTESIAN_POINT ( 'NONE',  ( 10.00000000000000000, 3.061616997868383018E-17, -0.2500000000000000000 ) ) ;
#742 = CARTESIAN_POINT ( 'NONE',  ( -2.000000000000000000, -0.3500000000000001443, 0.7499999999999995559 ) ) ;
#743 = CYLINDRICAL_SURFACE ( 'NONE', #582, 1.050000000000000044 ) ;
#744 = VECTOR ( 'NONE', #314, 1000.000000000000000 ) ;
#745 = UNCERTAINTY_MEASURE_WITH_UNIT (LENGTH_MEASURE( 1.000000000000000082E-05 ), #475, 'distance_accuracy_value', 'NONE');
#746 = DIRECTION ( 'NONE',  ( -1.000000000000000000, 0.0000000000000000000, 0.0000000000000000000 ) ) ;
#747 = COLOUR_RGB ( '',0.6509803921568627638, 0.6196078431372549211, 0.5882352941176470784 ) ;
#748 = DIRECTION ( 'NONE',  ( 0.0000000000000000000, 0.0000000000000000000, 1.000000000000000000 ) ) ;
#749 = AXIS2_PLACEMENT_3D ( 'NONE', #1419, #40, #983 ) ;
#750 = PRESENTATION_STYLE_ASSIGNMENT (( #1249 ) ) ;
#751 = STYLED_ITEM ( 'NONE', ( #395 ), #1452 ) ;
#752 = AXIS2_PLACEMENT_3D ( 'NONE', #651, #310, #1106 ) ;
#753 = EDGE_CURVE ( 'NONE', #462, #15, #533, .T. ) ;
#754 = AXIS2_PLACEMENT_3D ( 'NONE', #378, #257, #1308 ) ;
#755 = ORIENTED_EDGE ( 'NONE', *, *, #1060, .T. ) ;
#756 = VECTOR ( 'NONE', #1374, 1000.000000000000000 ) ;
#757 = FILL_AREA_STYLE ('',( #620 ) ) ;
#758 = SURFACE_STYLE_FILL_AREA ( #1460 ) ;
#759 = SURFACE_STYLE_USAGE ( .BOTH. , #1248 ) ;
#760 = FILL_AREA_STYLE ('',( #884 ) ) ;
#761 = FACE_OUTER_BOUND ( 'NONE', #1034, .T. ) ;
#762 = ADVANCED_FACE ( 'NONE', ( #658 ), #1130, .T. ) ;
#763 = ORIENTED_EDGE ( 'NONE', *, *, #1414, .T. ) ;
#764 = ORIENTED_EDGE ( 'NONE', *, *, #967, .T. ) ;
#765 =( NAMED_UNIT ( * ) PLANE_ANGLE_UNIT ( ) SI_UNIT ( $, .RADIAN. ) );
#766 = UNCERTAINTY_MEASURE_WITH_UNIT (LENGTH_MEASURE( 1.000000000000000082E-05 ), #260, 'distance_accuracy_value', 'NONE');
#767 = DIRECTION ( 'NONE',  ( -0.0000000000000000000, 2.891205793294678326E-16, -1.000000000000000000 ) ) ;
#768 = SURFACE_SIDE_STYLE ('',( #989 ) ) ;
#769 = ORIENTED_EDGE ( 'NONE', *, *, #239, .F. ) ;
#770 = SURFACE_STYLE_FILL_AREA ( #439 ) ;
#771 = LINE ( 'NONE', #555, #756 ) ;
#772 = DIRECTION ( 'NONE',  ( 1.000000000000000000, 0.0000000000000000000, 0.0000000000000000000 ) ) ;
#773 = VECTOR ( 'NONE', #451, 1000.000000000000000 ) ;
#774 = DIRECTION ( 'NONE',  ( 1.000000000000000000, 0.0000000000000000000, 0.0000000000000000000 ) ) ;
#775 = CARTESIAN_POINT ( 'NONE',  ( 6.099999999999999645, -0.2499999999999996669, -0.7500000000000005551 ) ) ;
#776 =( NAMED_UNIT ( * ) SI_UNIT ( $, .STERADIAN. ) SOLID_ANGLE_UNIT ( ) );
#777 = COLOUR_RGB ( '',1.000000000000000000, 0.8117647058823529438, 0.5019607843137254832 ) ;
#778 = ORIENTED_EDGE ( 'NONE', *, *, #1498, .T. ) ;
#779 = STYLED_ITEM ( 'NONE', ( #829 ), #797 ) ;
#780 =( NAMED_UNIT ( * ) PLANE_ANGLE_UNIT ( ) SI_UNIT ( $, .RADIAN. ) );
#781 = MECHANICAL_DESIGN_GEOMETRIC_PRESENTATION_REPRESENTATION (  '', ( #421 ), #1458 ) ;
#782 = AXIS2_PLACEMENT_3D ( 'NONE', #633, #427, #406 ) ;
#783 = MECHANICAL_DESIGN_GEOMETRIC_PRESENTATION_REPRESENTATION (  '', ( #877 ), #187 ) ;
#784 = EDGE_CURVE ( 'NONE', #932, #1359, #786, .T. ) ;
#785 = DIRECTION ( 'NONE',  ( 0.0000000000000000000, 0.0000000000000000000, 1.000000000000000000 ) ) ;
#786 = LINE ( 'NONE', #808, #1079 ) ;
#787 = APPLICATION_PROTOCOL_DEFINITION ( 'draft international standard', 'automotive_design', 1998, #125 ) ;
#788 =( NAMED_UNIT ( * ) SI_UNIT ( $, .STERADIAN. ) SOLID_ANGLE_UNIT ( ) );
#789 = CARTESIAN_POINT ( 'NONE',  ( -2.000000000000000000, -0.3499999999999997002, -0.7500000000000005551 ) ) ;
#790 = DIRECTION ( 'NONE',  ( 0.0000000000000000000, 0.0000000000000000000, 1.000000000000000000 ) ) ;
#791 = CARTESIAN_POINT ( 'NONE',  ( -6.919803902718556721, 0.0000000000000000000, 0.2500000000000000000 ) ) ;
#792 = SURFACE_STYLE_USAGE ( .BOTH. , #1389 ) ;
#793 = ORIENTED_EDGE ( 'NONE', *, *, #654, .F. ) ;
#794 = EDGE_LOOP ( 'NONE', ( #896, #793, #799, #678 ) ) ;
#795 = DIRECTION ( 'NONE',  ( -1.000000000000000000, -0.0000000000000000000, -0.0000000000000000000 ) ) ;
#796 = AXIS2_PLACEMENT_3D ( 'NONE', #1354, #746, #505 ) ;
#797 = ADVANCED_FACE ( 'NONE', ( #223 ), #6, .T. ) ;
#798 = VECTOR ( 'NONE', #1172, 1000.000000000000000 ) ;
#799 = ORIENTED_EDGE ( 'NONE', *, *, #1216, .F. ) ;
#800 = PLANE ( 'NONE',  #21 ) ;
#801 = CIRCLE ( 'NONE', #949, 0.2500000000000000000 ) ;
#802 =( GEOMETRIC_REPRESENTATION_CONTEXT ( 3 ) GLOBAL_UNCERTAINTY_ASSIGNED_CONTEXT ( ( #1027 ) ) GLOBAL_UNIT_ASSIGNED_CONTEXT ( ( #876, #304, #776 ) ) REPRESENTATION_CONTEXT ( 'NONE', 'WORKASPACE' ) );
#803 = CIRCLE ( 'NONE', #1078, 1.149999999999999911 ) ;
#804 =( NAMED_UNIT ( * ) PLANE_ANGLE_UNIT ( ) SI_UNIT ( $, .RADIAN. ) );
#805 = ADVANCED_FACE ( 'NONE', ( #330 ), #1065, .F. ) ;
#806 = ORIENTED_EDGE ( 'NONE', *, *, #574, .F. ) ;
#807 = CARTESIAN_POINT ( 'NONE',  ( -2.000000000000000000, -0.2500000000000001110, 0.7499999999999994449 ) ) ;
#808 = CARTESIAN_POINT ( 'NONE',  ( 2.000000000000000000, 0.3499999999999997558, 0.7500000000000001110 ) ) ;
#809 = DIRECTION ( 'NONE',  ( 1.000000000000000000, 0.0000000000000000000, 0.0000000000000000000 ) ) ;
#810 = FILL_AREA_STYLE_COLOUR ( '', #275 ) ;
#811 = ORIENTED_EDGE ( 'NONE', *, *, #1139, .T. ) ;
#812 = PRESENTATION_STYLE_ASSIGNMENT (( #825 ) ) ;
#813 =( GEOMETRIC_REPRESENTATION_CONTEXT ( 3 ) GLOBAL_UNCERTAINTY_ASSIGNED_CONTEXT ( ( #613 ) ) GLOBAL_UNIT_ASSIGNED_CONTEXT ( ( #1225, #303, #530 ) ) REPRESENTATION_CONTEXT ( 'NONE', 'WORKASPACE' ) );
#814 = CARTESIAN_POINT ( 'NONE',  ( -10.00000000000000000, 0.0000000000000000000, 0.0000000000000000000 ) ) ;
#815 =( NAMED_UNIT ( * ) PLANE_ANGLE_UNIT ( ) SI_UNIT ( $, .RADIAN. ) );
#816 = ORIENTED_EDGE ( 'NONE', *, *, #1286, .T. ) ;
#817 = PRESENTATION_STYLE_ASSIGNMENT (( #570 ) ) ;
#818 = DIRECTION ( 'NONE',  ( 1.000000000000000000, 0.0000000000000000000, 0.0000000000000000000 ) ) ;
#819 = ORIENTED_EDGE ( 'NONE', *, *, #1304, .T. ) ;
#820 = AXIS2_PLACEMENT_3D ( 'NONE', #130, #1247, #642 ) ;
#821 =( LENGTH_UNIT ( ) NAMED_UNIT ( * ) SI_UNIT ( .MILLI., .METRE. ) );
#822 = PRESENTATION_LAYER_ASSIGNMENT (  '', '', ( #1314 ) ) ;
#823 = DIRECTION ( 'NONE',  ( 1.000000000000000000, 0.0000000000000000000, 0.0000000000000000000 ) ) ;
#824 =( GEOMETRIC_REPRESENTATION_CONTEXT ( 3 ) GLOBAL_UNCERTAINTY_ASSIGNED_CONTEXT ( ( #377 ) ) GLOBAL_UNIT_ASSIGNED_CONTEXT ( ( #905, #1150, #331 ) ) REPRESENTATION_CONTEXT ( 'NONE', 'WORKASPACE' ) );
#825 = SURFACE_STYLE_USAGE ( .BOTH. , #1088 ) ;
#826 = AXIS2_PLACEMENT_3D ( 'NONE', #216, #197, #315 ) ;
#827 = MECHANICAL_DESIGN_GEOMETRIC_PRESENTATION_REPRESENTATION (  '', ( #1391 ), #450 ) ;
#828 = EDGE_CURVE ( 'NONE', #423, #276, #1054, .T. ) ;
#829 = PRESENTATION_STYLE_ASSIGNMENT (( #372 ) ) ;
#830 = VERTEX_POINT ( 'NONE', #476 ) ;
#831 =( LENGTH_UNIT ( ) NAMED_UNIT ( * ) SI_UNIT ( .MILLI., .METRE. ) );
#832 = VERTEX_POINT ( 'NONE', #837 ) ;
#833 = CARTESIAN_POINT ( 'NONE',  ( -5.000000000000000000, 0.0000000000000000000, 0.0000000000000000000 ) ) ;
#834 = ADVANCED_FACE ( 'NONE', ( #950 ), #195, .T. ) ;
#835 = SURFACE_SIDE_STYLE ('',( #376 ) ) ;
#836 = CARTESIAN_POINT ( 'NONE',  ( 6.919803902718556721, 7.960204194457795477E-17, 0.2500000000000000000 ) ) ;
#837 = CARTESIAN_POINT ( 'NONE',  ( 6.099999999999999645, -0.3499999999999997002, -0.7500000000000005551 ) ) ;
#838 = COLOUR_RGB ( '',0.6509803921568627638, 0.6196078431372549211, 0.5882352941176470784 ) ;
#839 = CARTESIAN_POINT ( 'NONE',  ( -6.099999999999999645, 0.3499999999999997558, 0.7500000000000001110 ) ) ;
#840 = PRESENTATION_STYLE_ASSIGNMENT (( #1086 ) ) ;
#841 = ORIENTED_EDGE ( 'NONE', *, *, #437, .F. ) ;
#842 = CIRCLE ( 'NONE', #1254, 1.149999999999999911 ) ;
#843 = DIRECTION ( 'NONE',  ( -0.0000000000000000000, 2.891205793294678326E-16, -1.000000000000000000 ) ) ;
#844 = CIRCLE ( 'NONE', #341, 1.050000000000000044 ) ;
#845 = AXIS2_PLACEMENT_3D ( 'NONE', #879, #1478, #559 ) ;
#846 =( NAMED_UNIT ( * ) SI_UNIT ( $, .STERADIAN. ) SOLID_ANGLE_UNIT ( ) );
#847 = AXIS2_PLACEMENT_3D ( 'NONE', #680, #1157, #101 ) ;
#848 = VECTOR ( 'NONE', #482, 1000.000000000000000 ) ;
#849 = COLOUR_RGB ( '',0.3882352941176470673, 0.8588235294117646523, 0.3882352941176470673 ) ;
#850 = DIRECTION ( 'NONE',  ( 1.000000000000000000, 0.0000000000000000000, 0.0000000000000000000 ) ) ;
#851 =( NAMED_UNIT ( * ) SI_UNIT ( $, .STERADIAN. ) SOLID_ANGLE_UNIT ( ) );
#852 =( NAMED_UNIT ( * ) SI_UNIT ( $, .STERADIAN. ) SOLID_ANGLE_UNIT ( ) );
#853 = ADVANCED_FACE ( 'NONE', ( #1415 ), #1441, .F. ) ;
#854 = CARTESIAN_POINT ( 'NONE',  ( -5.000000000000000000, 0.0000000000000000000, 0.0000000000000000000 ) ) ;
#855 =( LENGTH_UNIT ( ) NAMED_UNIT ( * ) SI_UNIT ( .MILLI., .METRE. ) );
#856 = UNCERTAINTY_MEASURE_WITH_UNIT (LENGTH_MEASURE( 1.000000000000000082E-05 ), #855, 'distance_accuracy_value', 'NONE');
#857 = CARTESIAN_POINT ( 'NONE',  ( 5.899999999999999467, 0.0000000000000000000, 0.0000000000000000000 ) ) ;
#858 = CARTESIAN_POINT ( 'NONE',  ( -5.899999999999999467, 0.0000000000000000000, 0.0000000000000000000 ) ) ;
#859 = SURFACE_STYLE_FILL_AREA ( #1442 ) ;
#860 = SURFACE_SIDE_STYLE ('',( #516 ) ) ;
#861 = FILL_AREA_STYLE ('',( #728 ) ) ;
#862 = SURFACE_STYLE_FILL_AREA ( #985 ) ;
#863 = EDGE_CURVE ( 'NONE', #1365, #1281, #422, .T. ) ;
#864 = CARTESIAN_POINT ( 'NONE',  ( 5.000000000000000000, 0.0000000000000000000, 0.0000000000000000000 ) ) ;
#865 = DIRECTION ( 'NONE',  ( 0.0000000000000000000, 0.0000000000000000000, -1.000000000000000000 ) ) ;
#866 = STYLED_ITEM ( 'NONE', ( #750 ), #104 ) ;
#867 = EDGE_LOOP ( 'NONE', ( #61, #1047 ) ) ;
#868 = FACE_OUTER_BOUND ( 'NONE', #969, .T. ) ;
#869 = VECTOR ( 'NONE', #202, 1000.000000000000000 ) ;
#870 = UNCERTAINTY_MEASURE_WITH_UNIT (LENGTH_MEASURE( 1.000000000000000082E-05 ), #158, 'distance_accuracy_value', 'NONE');
#871 = DIRECTION ( 'NONE',  ( -1.000000000000000000, -0.0000000000000000000, -0.0000000000000000000 ) ) ;
#872 = ORIENTED_CLOSED_SHELL ( 'NONE', *, #66, .F. );
#873 = VECTOR ( 'NONE', #1229, 1000.000000000000000 ) ;
#874 =( NAMED_UNIT ( * ) SI_UNIT ( $, .STERADIAN. ) SOLID_ANGLE_UNIT ( ) );
#875 = PRESENTATION_LAYER_ASSIGNMENT (  '', '', ( #948 ) ) ;
#876 =( LENGTH_UNIT ( ) NAMED_UNIT ( * ) SI_UNIT ( .MILLI., .METRE. ) );
#877 = STYLED_ITEM ( 'NONE', ( #881 ), #1148 ) ;
#878 = ORIENTED_EDGE ( 'NONE', *, *, #519, .F. ) ;
#879 = CARTESIAN_POINT ( 'NONE',  ( 2.000000000000000000, 0.2500000000000002220, -0.7499999999999998890 ) ) ;
#880 = MECHANICAL_DESIGN_GEOMETRIC_PRESENTATION_REPRESENTATION (  '', ( #1280 ), #824 ) ;
#881 = PRESENTATION_STYLE_ASSIGNMENT (( #1265 ) ) ;
#882 =( LENGTH_UNIT ( ) NAMED_UNIT ( * ) SI_UNIT ( .MILLI., .METRE. ) );
#883 = SURFACE_STYLE_FILL_AREA ( #995 ) ;
#884 = FILL_AREA_STYLE_COLOUR ( '', #410 ) ;
#885 =( NAMED_UNIT ( * ) PLANE_ANGLE_UNIT ( ) SI_UNIT ( $, .RADIAN. ) );
#886 = EDGE_LOOP ( 'NONE', ( #585, #440, #1160, #1282 ) ) ;
#887 = DIRECTION ( 'NONE',  ( 0.0000000000000000000, 2.891205793294678326E-16, -1.000000000000000000 ) ) ;
#888 = ORIENTED_EDGE ( 'NONE', *, *, #1159, .T. ) ;
#889 = CARTESIAN_POINT ( 'NONE',  ( 6.919803902718556721, 0.0000000000000000000, 0.0000000000000000000 ) ) ;
#890 =( NAMED_UNIT ( * ) PLANE_ANGLE_UNIT ( ) SI_UNIT ( $, .RADIAN. ) );
#891 = SURFACE_SIDE_STYLE ('',( #428 ) ) ;
#892 = EDGE_LOOP ( 'NONE', ( #691, #548, #553, #667 ) ) ;
#893 = VECTOR ( 'NONE', #1303, 1000.000000000000000 ) ;
#894 = PRESENTATION_STYLE_ASSIGNMENT (( #1351 ) ) ;
#895 = ADVANCED_FACE ( 'NONE', ( #1104 ), #1223, .T. ) ;
#896 = ORIENTED_EDGE ( 'NONE', *, *, #412, .T. ) ;
#897 =( NAMED_UNIT ( * ) PLANE_ANGLE_UNIT ( ) SI_UNIT ( $, .RADIAN. ) );
#898 = EDGE_CURVE ( 'NONE', #1009, #1055, #18, .T. ) ;
#899 =( NAMED_UNIT ( * ) SI_UNIT ( $, .STERADIAN. ) SOLID_ANGLE_UNIT ( ) );
#900 = CIRCLE ( 'NONE', #94, 1.149999999999999911 ) ;
#901 = DIRECTION ( 'NONE',  ( 1.000000000000000000, 0.0000000000000000000, 0.0000000000000000000 ) ) ;
#902 = COLOUR_RGB ( '',1.000000000000000000, 0.8117647058823529438, 0.5019607843137254832 ) ;
#903 = COLOUR_RGB ( '',0.6509803921568627638, 0.6196078431372549211, 0.5882352941176470784 ) ;
#904 = DIRECTION ( 'NONE',  ( -0.0000000000000000000, 1.000000000000000000, 0.0000000000000000000 ) ) ;
#905 =( LENGTH_UNIT ( ) NAMED_UNIT ( * ) SI_UNIT ( .MILLI., .METRE. ) );
#906 = AXIS2_PLACEMENT_3D ( 'NONE', #858, #1461, #748 ) ;
#907 = AXIS2_PLACEMENT_3D ( 'NONE', #1012, #795, #790 ) ;
#908 = SURFACE_SIDE_STYLE ('',( #448 ) ) ;
#909 = DIRECTION ( 'NONE',  ( 0.0000000000000000000, -1.000000000000000000, 0.0000000000000000000 ) ) ;
#910 = CARTESIAN_POINT ( 'NONE',  ( -7.022497216032182799, 0.0000000000000000000, 0.0000000000000000000 ) ) ;
#911 = VERTEX_POINT ( 'NONE', #137 ) ;
#912 = SURFACE_STYLE_USAGE ( .BOTH. , #453 ) ;
#913 = FILL_AREA_STYLE_COLOUR ( '', #923 ) ;
#914 = EDGE_CURVE ( 'NONE', #1281, #1365, #1132, .T. ) ;
#915 = DIRECTION ( 'NONE',  ( 1.000000000000000000, 0.0000000000000000000, 0.0000000000000000000 ) ) ;
#916 = FILL_AREA_STYLE_COLOUR ( '', #97 ) ;
#917 = FILL_AREA_STYLE_COLOUR ( '', #747 ) ;
#918 =( LENGTH_UNIT ( ) NAMED_UNIT ( * ) SI_UNIT ( .MILLI., .METRE. ) );
#919 = ORIENTED_EDGE ( 'NONE', *, *, #1414, .F. ) ;
#920 = AXIS2_PLACEMENT_3D ( 'NONE', #864, #774, #544 ) ;
#921 = CARTESIAN_POINT ( 'NONE',  ( -6.099999999999999645, 0.3500000000000001998, -0.7499999999999998890 ) ) ;
#922 = DIRECTION ( 'NONE',  ( 0.0000000000000000000, 0.0000000000000000000, -1.000000000000000000 ) ) ;
#923 = COLOUR_RGB ( '',0.3882352941176470673, 0.8588235294117646523, 0.3882352941176470673 ) ;
#924 = LINE ( 'NONE', #1169, #1436 ) ;
#925 = STYLED_ITEM ( 'NONE', ( #496 ), #1245 ) ;
#926 = EDGE_LOOP ( 'NONE', ( #83, #1468, #283, #952 ) ) ;
#927 = VECTOR ( 'NONE', #1107, 1000.000000000000000 ) ;
#928 =( LENGTH_UNIT ( ) NAMED_UNIT ( * ) SI_UNIT ( .MILLI., .METRE. ) );
#929 = VECTOR ( 'NONE', #973, 1000.000000000000000 ) ;
#930 = CARTESIAN_POINT ( 'NONE',  ( -2.000000000000000000, 0.0000000000000000000, 0.0000000000000000000 ) ) ;
#931 = CARTESIAN_POINT ( 'NONE',  ( 5.899999999999999467, 1.408343819019456028E-16, 1.149999999999999911 ) ) ;
#932 = VERTEX_POINT ( 'NONE', #20 ) ;
#933 = SURFACE_STYLE_FILL_AREA ( #1411 ) ;
#934 = ORIENTED_EDGE ( 'NONE', *, *, #1253, .T. ) ;
#935 = ORIENTED_EDGE ( 'NONE', *, *, #654, .T. ) ;
#936 = DIRECTION ( 'NONE',  ( 0.0000000000000000000, 0.0000000000000000000, 1.000000000000000000 ) ) ;
#937 = PRODUCT_DEFINITION_SHAPE ( 'NONE', 'NONE',  #222 ) ;
#938 = EDGE_CURVE ( 'NONE', #1094, #111, #801, .T. ) ;
#939 = SURFACE_STYLE_USAGE ( .BOTH. , #947 ) ;
#940 = DIRECTION ( 'NONE',  ( 0.0000000000000000000, 0.0000000000000000000, -1.000000000000000000 ) ) ;
#941 = ORIENTED_EDGE ( 'NONE', *, *, #133, .T. ) ;
#942 = DIRECTION ( 'NONE',  ( 0.0000000000000000000, 0.0000000000000000000, -1.000000000000000000 ) ) ;
#943 = STYLED_ITEM ( 'NONE', ( #490 ), #1224 ) ;
#944 = DIRECTION ( 'NONE',  ( 1.000000000000000000, 0.0000000000000000000, 0.0000000000000000000 ) ) ;
#945 = EDGE_CURVE ( 'NONE', #452, #1009, #491, .T. ) ;
#946 = PRESENTATION_LAYER_ASSIGNMENT (  '', '', ( #1081 ) ) ;
#947 = SURFACE_SIDE_STYLE ('',( #1191 ) ) ;
#948 = STYLED_ITEM ( 'NONE', ( #628 ), #984 ) ;
#949 = AXIS2_PLACEMENT_3D ( 'NONE', #619, #944, #171 ) ;
#950 = FACE_OUTER_BOUND ( 'NONE', #1400, .T. ) ;
#951 = AXIS2_PLACEMENT_3D ( 'NONE', #1090, #1318, #729 ) ;
#952 = ORIENTED_EDGE ( 'NONE', *, *, #898, .F. ) ;
#953 = SURFACE_STYLE_USAGE ( .BOTH. , #1417 ) ;
#954 = UNCERTAINTY_MEASURE_WITH_UNIT (LENGTH_MEASURE( 1.000000000000000082E-05 ), #1239, 'distance_accuracy_value', 'NONE');
#955 = CARTESIAN_POINT ( 'NONE',  ( 7.049999999999999822, 0.0000000000000000000, 1.050000000000000044 ) ) ;
#956 = PRESENTATION_STYLE_ASSIGNMENT (( #939 ) ) ;
#957 = SURFACE_STYLE_FILL_AREA ( #603 ) ;
#958 = EDGE_CURVE ( 'NONE', #1475, #911, #1413, .T. ) ;
#959 = DIRECTION ( 'NONE',  ( 1.000000000000000000, 0.0000000000000000000, 0.0000000000000000000 ) ) ;
#960 = PRESENTATION_STYLE_ASSIGNMENT (( #953 ) ) ;
#961 = ORIENTED_EDGE ( 'NONE', *, *, #177, .F. ) ;
#962 = CARTESIAN_POINT ( 'NONE',  ( 2.000000000000000000, 0.3499999999999997558, 0.7500000000000001110 ) ) ;
#963 = PRESENTATION_STYLE_ASSIGNMENT (( #1017 ) ) ;
#964 = SURFACE_STYLE_USAGE ( .BOTH. , #1207 ) ;
#965 = VECTOR ( 'NONE', #460, 1000.000000000000000 ) ;
#966 = ORIENTED_EDGE ( 'NONE', *, *, #958, .F. ) ;
#967 = EDGE_CURVE ( 'NONE', #932, #77, #1219, .T. ) ;
#968 = FACE_OUTER_BOUND ( 'NONE', #1073, .T. ) ;
#969 = EDGE_LOOP ( 'NONE', ( #116, #1377, #1364, #487 ) ) ;
#970 = SURFACE_STYLE_USAGE ( .BOTH. , #298 ) ;
#971 = PRODUCT_DEFINITION_CONTEXT ( 'detailed design', #1487, 'design' ) ;
#972 = AXIS2_PLACEMENT_3D ( 'NONE', #1287, #253, #702 ) ;
#973 = DIRECTION ( 'NONE',  ( -1.000000000000000000, -0.0000000000000000000, -0.0000000000000000000 ) ) ;
#974 = DIRECTION ( 'NONE',  ( 0.0000000000000000000, 1.000000000000000000, -1.224646799147353207E-16 ) ) ;
#975 = CARTESIAN_POINT ( 'NONE',  ( -10.00000000000000000, 0.0000000000000000000, 0.0000000000000000000 ) ) ;
#976 = VECTOR ( 'NONE', #596, 1000.000000000000000 ) ;
#977 =( GEOMETRIC_REPRESENTATION_CONTEXT ( 3 ) GLOBAL_UNCERTAINTY_ASSIGNED_CONTEXT ( ( #1214 ) ) GLOBAL_UNIT_ASSIGNED_CONTEXT ( ( #1433, #735, #852 ) ) REPRESENTATION_CONTEXT ( 'NONE', 'WORKASPACE' ) );
#978 = PRESENTATION_LAYER_ASSIGNMENT (  '', '', ( #602 ) ) ;
#979 = DIRECTION ( 'NONE',  ( 0.0000000000000000000, 0.0000000000000000000, 1.000000000000000000 ) ) ;
#980 =( LENGTH_UNIT ( ) NAMED_UNIT ( * ) SI_UNIT ( .MILLI., .METRE. ) );
#981 = CIRCLE ( 'NONE', #396, 0.2500000000000000000 ) ;
#982 = MECHANICAL_DESIGN_GEOMETRIC_PRESENTATION_REPRESENTATION (  '', ( #1462 ), #1345 ) ;
#983 = DIRECTION ( 'NONE',  ( 0.0000000000000000000, 2.891205793294678326E-16, -1.000000000000000000 ) ) ;
#984 = ADVANCED_FACE ( 'NONE', ( #268 ), #721, .T. ) ;
#985 = FILL_AREA_STYLE ('',( #722 ) ) ;
#986 = UNCERTAINTY_MEASURE_WITH_UNIT (LENGTH_MEASURE( 1.000000000000000082E-05 ), #371, 'distance_accuracy_value', 'NONE');
#987 = LINE ( 'NONE', #541, #1201 ) ;
#988 =( NAMED_UNIT ( * ) SI_UNIT ( $, .STERADIAN. ) SOLID_ANGLE_UNIT ( ) );
#989 = SURFACE_STYLE_FILL_AREA ( #760 ) ;
#990 =( LENGTH_UNIT ( ) NAMED_UNIT ( * ) SI_UNIT ( .MILLI., .METRE. ) );
#991 =( LENGTH_UNIT ( ) NAMED_UNIT ( * ) SI_UNIT ( .MILLI., .METRE. ) );
#992 = ORIENTED_EDGE ( 'NONE', *, *, #591, .F. ) ;
#993 = DIRECTION ( 'NONE',  ( -1.000000000000000000, -0.0000000000000000000, -0.0000000000000000000 ) ) ;
#994 = DIRECTION ( 'NONE',  ( -1.000000000000000000, -0.0000000000000000000, -0.0000000000000000000 ) ) ;
#995 = FILL_AREA_STYLE ('',( #1355 ) ) ;
#996 = CYLINDRICAL_SURFACE ( 'NONE', #334, 0.2500000000000000000 ) ;
#997 = SURFACE_SIDE_STYLE ('',( #1349 ) ) ;
#998 = VECTOR ( 'NONE', #392, 1000.000000000000000 ) ;
#999 = ORIENTED_EDGE ( 'NONE', *, *, #712, .F. ) ;
#1000 = ADVANCED_BREP_SHAPE_REPRESENTATION ( '878FFB1E-AAD5-478B-A20C-762AD7541CDD', ( #1174, #213, #174, #325 ), #802 ) ;
#1001 = ORIENTED_EDGE ( 'NONE', *, *, #1485, .F. ) ;
#1002 = CIRCLE ( 'NONE', #820, 1.050000000000000044 ) ;
#1003 = CARTESIAN_POINT ( 'NONE',  ( 7.049999999999999822, 0.0000000000000000000, 1.149999999999999911 ) ) ;
#1004 =( GEOMETRIC_REPRESENTATION_CONTEXT ( 3 ) GLOBAL_UNCERTAINTY_ASSIGNED_CONTEXT ( ( #736 ) ) GLOBAL_UNIT_ASSIGNED_CONTEXT ( ( #669, #780, #312 ) ) REPRESENTATION_CONTEXT ( 'NONE', 'WORKASPACE' ) );
#1005 = CARTESIAN_POINT ( 'NONE',  ( -5.899999999999999467, 0.0000000000000000000, 0.0000000000000000000 ) ) ;
#1006 = COLOUR_RGB ( '',1.000000000000000000, 0.8117647058823529438, 0.5019607843137254832 ) ;
#1007 = SURFACE_STYLE_USAGE ( .BOTH. , #997 ) ;
#1008 = PRESENTATION_LAYER_ASSIGNMENT (  '', '', ( #1161 ) ) ;
#1009 = VERTEX_POINT ( 'NONE', #1215 ) ;
#1010 = PRESENTATION_STYLE_ASSIGNMENT (( #1306 ) ) ;
#1011 = UNCERTAINTY_MEASURE_WITH_UNIT (LENGTH_MEASURE( 1.000000000000000082E-05 ), #928, 'distance_accuracy_value', 'NONE');
#1012 = CARTESIAN_POINT ( 'NONE',  ( 10.00000000000000000, 0.0000000000000000000, 0.0000000000000000000 ) ) ;
#1013 = FILL_AREA_STYLE_COLOUR ( '', #536 ) ;
#1014 = SURFACE_STYLE_USAGE ( .BOTH. , #891 ) ;
#1015 = EDGE_CURVE ( 'NONE', #1238, #408, #34, .T. ) ;
#1016 = ORIENTED_EDGE ( 'NONE', *, *, #493, .T. ) ;
#1017 = SURFACE_STYLE_USAGE ( .BOTH. , #444 ) ;
#1018 = PLANE ( 'NONE',  #682 ) ;
#1019 = ORIENTED_EDGE ( 'NONE', *, *, #493, .F. ) ;
#1020 = CARTESIAN_POINT ( 'NONE',  ( -2.000000000000000000, -0.2500000000000001110, 0.7499999999999994449 ) ) ;
#1021 = FILL_AREA_STYLE ('',( #1449 ) ) ;
#1022 = ADVANCED_FACE ( 'NONE', ( #1435 ), #36, .T. ) ;
#1023 = ORIENTED_EDGE ( 'NONE', *, *, #689, .T. ) ;
#1024 = DIRECTION ( 'NONE',  ( 0.0000000000000000000, 0.0000000000000000000, -1.000000000000000000 ) ) ;
#1025 = STYLED_ITEM ( 'NONE', ( #234 ), #174 ) ;
#1026 = SURFACE_SIDE_STYLE ('',( #85 ) ) ;
#1027 = UNCERTAINTY_MEASURE_WITH_UNIT (LENGTH_MEASURE( 1.000000000000000082E-05 ), #876, 'distance_accuracy_value', 'NONE');
#1028 = FILL_AREA_STYLE_COLOUR ( '', #1503 ) ;
#1029 = CARTESIAN_POINT ( 'NONE',  ( 5.899999999999999467, 0.0000000000000000000, 0.0000000000000000000 ) ) ;
#1030 =( NAMED_UNIT ( * ) SI_UNIT ( $, .STERADIAN. ) SOLID_ANGLE_UNIT ( ) );
#1031 = MECHANICAL_DESIGN_GEOMETRIC_PRESENTATION_REPRESENTATION (  '', ( #252 ), #270 ) ;
#1032 =( GEOMETRIC_REPRESENTATION_CONTEXT ( 3 ) GLOBAL_UNCERTAINTY_ASSIGNED_CONTEXT ( ( #1307 ) ) GLOBAL_UNIT_ASSIGNED_CONTEXT ( ( #1075, #616, #385 ) ) REPRESENTATION_CONTEXT ( 'NONE', 'WORKASPACE' ) );
#1033 = VECTOR ( 'NONE', #1080, 1000.000000000000000 ) ;
#1034 = EDGE_LOOP ( 'NONE', ( #438, #532 ) ) ;
#1035 = AXIS2_PLACEMENT_3D ( 'NONE', #1352, #308, #433 ) ;
#1036 = SURFACE_STYLE_FILL_AREA ( #79 ) ;
#1037 = EDGE_CURVE ( 'NONE', #575, #1227, #512, .T. ) ;
#1038 = UNCERTAINTY_MEASURE_WITH_UNIT (LENGTH_MEASURE( 1.000000000000000082E-05 ), #650, 'distance_accuracy_value', 'NONE');
#1039 = SURFACE_SIDE_STYLE ('',( #1155 ) ) ;
#1040 = DIRECTION ( 'NONE',  ( -1.000000000000000000, -0.0000000000000000000, -0.0000000000000000000 ) ) ;
#1041 = EDGE_LOOP ( 'NONE', ( #1336, #517, #1279, #457 ) ) ;
#1042 = FILL_AREA_STYLE ('',( #360 ) ) ;
#1043 = EDGE_CURVE ( 'NONE', #255, #1115, #1209, .T. ) ;
#1044 = CARTESIAN_POINT ( 'NONE',  ( -10.00000000000000000, 3.061616997868383018E-17, 0.2500000000000000000 ) ) ;
#1045 = EDGE_LOOP ( 'NONE', ( #1001, #471, #69, #1122 ) ) ;
#1046 = FACE_OUTER_BOUND ( 'NONE', #249, .T. ) ;
#1047 = ORIENTED_EDGE ( 'NONE', *, *, #280, .F. ) ;
#1048 = CARTESIAN_POINT ( 'NONE',  ( -2.000000000000000000, -0.2499999999999996669, -0.7500000000000005551 ) ) ;
#1049 = DIRECTION ( 'NONE',  ( -1.000000000000000000, -0.0000000000000000000, -0.0000000000000000000 ) ) ;
#1050 = PRODUCT_CONTEXT ( 'NONE', #125, 'mechanical' ) ;
#1051 = MECHANICAL_DESIGN_GEOMETRIC_PRESENTATION_REPRESENTATION (  '', ( #1176 ), #1337 ) ;
#1052 = DIRECTION ( 'NONE',  ( 0.0000000000000000000, -2.891205793294678326E-16, 1.000000000000000000 ) ) ;
#1053 = COLOUR_RGB ( '',1.000000000000000000, 0.8117647058823529438, 0.5019607843137254832 ) ;
#1054 = CIRCLE ( 'NONE', #344, 0.2500000000000000000 ) ;
#1055 = VERTEX_POINT ( 'NONE', #1329 ) ;
#1056 =( GEOMETRIC_REPRESENTATION_CONTEXT ( 3 ) GLOBAL_UNCERTAINTY_ASSIGNED_CONTEXT ( ( #263 ) ) GLOBAL_UNIT_ASSIGNED_CONTEXT ( ( #1061, #238, #479 ) ) REPRESENTATION_CONTEXT ( 'NONE', 'WORKASPACE' ) );
#1057 =( GEOMETRIC_REPRESENTATION_CONTEXT ( 3 ) GLOBAL_UNCERTAINTY_ASSIGNED_CONTEXT ( ( #154 ) ) GLOBAL_UNIT_ASSIGNED_CONTEXT ( ( #1443, #885, #546 ) ) REPRESENTATION_CONTEXT ( 'NONE', 'WORKASPACE' ) );
#1058 = CIRCLE ( 'NONE', #1295, 0.2500000000000000000 ) ;
#1059 = SURFACE_STYLE_USAGE ( .BOTH. , #1421 ) ;
#1060 = EDGE_CURVE ( 'NONE', #359, #423, #526, .T. ) ;
#1061 =( LENGTH_UNIT ( ) NAMED_UNIT ( * ) SI_UNIT ( .MILLI., .METRE. ) );
#1062 = EDGE_LOOP ( 'NONE', ( #550, #961, #386, #1066 ) ) ;
#1063 = FILL_AREA_STYLE_COLOUR ( '', #1231 ) ;
#1064 = DIRECTION ( 'NONE',  ( 0.0000000000000000000, 0.0000000000000000000, 1.000000000000000000 ) ) ;
#1065 = SPHERICAL_SURFACE ( 'NONE', #1181, 1.050000000000000044 ) ;
#1066 = ORIENTED_EDGE ( 'NONE', *, *, #647, .T. ) ;
#1067 = UNCERTAINTY_MEASURE_WITH_UNIT (LENGTH_MEASURE( 1.000000000000000082E-05 ), #831, 'distance_accuracy_value', 'NONE');
#1068 = DIRECTION ( 'NONE',  ( 0.0000000000000000000, 0.0000000000000000000, -1.000000000000000000 ) ) ;
#1069 = DIRECTION ( 'NONE',  ( -0.0000000000000000000, 1.084202172485504040E-15, 1.000000000000000000 ) ) ;
#1070 =( GEOMETRIC_REPRESENTATION_CONTEXT ( 3 ) GLOBAL_UNCERTAINTY_ASSIGNED_CONTEXT ( ( #1210 ) ) GLOBAL_UNIT_ASSIGNED_CONTEXT ( ( #435, #1356, #643 ) ) REPRESENTATION_CONTEXT ( 'NONE', 'WORKASPACE' ) );
#1071 =( NAMED_UNIT ( * ) PLANE_ANGLE_UNIT ( ) SI_UNIT ( $, .RADIAN. ) );
#1072 = PRESENTATION_STYLE_ASSIGNMENT (( #1405 ) ) ;
#1073 = EDGE_LOOP ( 'NONE', ( #763, #1305 ) ) ;
#1074 = PLANE ( 'NONE',  #752 ) ;
#1075 =( LENGTH_UNIT ( ) NAMED_UNIT ( * ) SI_UNIT ( .MILLI., .METRE. ) );
#1076 = CIRCLE ( 'NONE', #561, 0.2500000000000000000 ) ;
#1077 = FILL_AREA_STYLE ('',( #1338 ) ) ;
#1078 = AXIS2_PLACEMENT_3D ( 'NONE', #640, #141, #518 ) ;
#1079 = VECTOR ( 'NONE', #1262, 1000.000000000000000 ) ;
#1080 = DIRECTION ( 'NONE',  ( -1.000000000000000000, -0.0000000000000000000, -0.0000000000000000000 ) ) ;
#1081 = STYLED_ITEM ( 'NONE', ( #1277 ), #1348 ) ;
#1082 = SPHERICAL_SURFACE ( 'NONE', #1388, 1.050000000000000044 ) ;
#1083 = PRESENTATION_LAYER_ASSIGNMENT (  '', '', ( #1320 ) ) ;
#1084 = DIRECTION ( 'NONE',  ( 0.0000000000000000000, 0.0000000000000000000, 1.000000000000000000 ) ) ;
#1085 = ORIENTED_EDGE ( 'NONE', *, *, #191, .T. ) ;
#1086 = SURFACE_STYLE_USAGE ( .BOTH. , #501 ) ;
#1087 = DIRECTION ( 'NONE',  ( -0.0000000000000000000, 1.000000000000000000, -0.0000000000000000000 ) ) ;
#1088 = SURFACE_SIDE_STYLE ('',( #587 ) ) ;
#1089 = PLANE ( 'NONE',  #920 ) ;
#1090 = CARTESIAN_POINT ( 'NONE',  ( -10.00000000000000000, 0.0000000000000000000, 0.0000000000000000000 ) ) ;
#1091 = LINE ( 'NONE', #78, #1432 ) ;
#1092 = CARTESIAN_POINT ( 'NONE',  ( -2.000000000000000000, -0.2500000000000001110, 0.7499999999999994449 ) ) ;
#1093 = STYLED_ITEM ( 'NONE', ( #293 ), #113 ) ;
#1094 = VERTEX_POINT ( 'NONE', #1420 ) ;
#1095 = FILL_AREA_STYLE ('',( #597 ) ) ;
#1096 = VERTEX_POINT ( 'NONE', #836 ) ;
#1097 = PRESENTATION_LAYER_ASSIGNMENT (  '', '', ( #1176 ) ) ;
#1098 = SURFACE_STYLE_USAGE ( .BOTH. , #714 ) ;
#1099 = FILL_AREA_STYLE_COLOUR ( '', #679 ) ;
#1100 = DIRECTION ( 'NONE',  ( 0.0000000000000000000, 0.0000000000000000000, -1.000000000000000000 ) ) ;
#1101 = PRESENTATION_LAYER_ASSIGNMENT (  '', '', ( #1256 ) ) ;
#1102 = PRESENTATION_LAYER_ASSIGNMENT (  '', '', ( #509 ) ) ;
#1103 = CARTESIAN_POINT ( 'NONE',  ( 7.022497216032182799, 8.572527594031471957E-17, 0.2500000000000000000 ) ) ;
#1104 = FACE_OUTER_BOUND ( 'NONE', #572, .T. ) ;
#1105 = COLOUR_RGB ( '',0.6509803921568627638, 0.6196078431372549211, 0.5882352941176470784 ) ;
#1106 = DIRECTION ( 'NONE',  ( -1.000000000000000000, 0.0000000000000000000, -0.0000000000000000000 ) ) ;
#1107 = DIRECTION ( 'NONE',  ( -0.0000000000000000000, 1.000000000000000000, -0.0000000000000000000 ) ) ;
#1108 = ADVANCED_FACE ( 'NONE', ( #269 ), #743, .F. ) ;
#1109 = ORIENTED_EDGE ( 'NONE', *, *, #828, .T. ) ;
#1110 = UNCERTAINTY_MEASURE_WITH_UNIT (LENGTH_MEASURE( 1.000000000000000082E-05 ), #990, 'distance_accuracy_value', 'NONE');
#1111 = DIRECTION ( 'NONE',  ( 1.000000000000000000, 0.0000000000000000000, 0.0000000000000000000 ) ) ;
#1112 = FACE_OUTER_BOUND ( 'NONE', #1504, .T. ) ;
#1113 = DIRECTION ( 'NONE',  ( 0.0000000000000000000, 0.0000000000000000000, -1.000000000000000000 ) ) ;
#1114 = ORIENTED_EDGE ( 'NONE', *, *, #373, .T. ) ;
#1115 = VERTEX_POINT ( 'NONE', #400 ) ;
#1116 = DIRECTION ( 'NONE',  ( -1.000000000000000000, -0.0000000000000000000, -0.0000000000000000000 ) ) ;
#1117 = EDGE_CURVE ( 'NONE', #911, #452, #465, .T. ) ;
#1118 = DIRECTION ( 'NONE',  ( 0.0000000000000000000, 1.224646799147353207E-16, 1.000000000000000000 ) ) ;
#1119 = FILL_AREA_STYLE ('',( #1013 ) ) ;
#1120 =( NAMED_UNIT ( * ) PLANE_ANGLE_UNIT ( ) SI_UNIT ( $, .RADIAN. ) );
#1121 = PRESENTATION_LAYER_ASSIGNMENT (  '', '', ( #866 ) ) ;
#1122 = ORIENTED_EDGE ( 'NONE', *, *, #53, .F. ) ;
#1123 = SURFACE_STYLE_USAGE ( .BOTH. , #431 ) ;
#1124 = UNCERTAINTY_MEASURE_WITH_UNIT (LENGTH_MEASURE( 1.000000000000000082E-05 ), #882, 'distance_accuracy_value', 'NONE');
#1125 = DIRECTION ( 'NONE',  ( 1.000000000000000000, 0.0000000000000000000, 0.0000000000000000000 ) ) ;
#1126 = AXIS2_PLACEMENT_3D ( 'NONE', #1373, #974, #1220 ) ;
#1127 =( NAMED_UNIT ( * ) PLANE_ANGLE_UNIT ( ) SI_UNIT ( $, .RADIAN. ) );
#1128 =( GEOMETRIC_REPRESENTATION_CONTEXT ( 3 ) GLOBAL_UNCERTAINTY_ASSIGNED_CONTEXT ( ( #1011 ) ) GLOBAL_UNIT_ASSIGNED_CONTEXT ( ( #928, #1190, #3 ) ) REPRESENTATION_CONTEXT ( 'NONE', 'WORKASPACE' ) );
#1129 = MECHANICAL_DESIGN_GEOMETRIC_PRESENTATION_REPRESENTATION (  '', ( #580 ), #1234 ) ;
#1130 = PLANE ( 'NONE',  #98 ) ;
#1131 = PRESENTATION_LAYER_ASSIGNMENT (  '', '', ( #183 ) ) ;
#1132 = CIRCLE ( 'NONE', #754, 1.149999999999999911 ) ;
#1133 = CARTESIAN_POINT ( 'NONE',  ( -10.00000000000000000, 0.0000000000000000000, 0.0000000000000000000 ) ) ;
#1134 = ORIENTED_EDGE ( 'NONE', *, *, #938, .T. ) ;
#1135 = DIRECTION ( 'NONE',  ( 0.0000000000000000000, 0.0000000000000000000, -1.000000000000000000 ) ) ;
#1136 = PRESENTATION_STYLE_ASSIGNMENT (( #1123 ) ) ;
#1137 = SURFACE_STYLE_FILL_AREA ( #1162 ) ;
#1138 = CARTESIAN_POINT ( 'NONE',  ( 7.049999999999999822, 1.408343819019456028E-16, -1.149999999999999911 ) ) ;
#1139 = EDGE_CURVE ( 'NONE', #1055, #1009, #1058, .T. ) ;
#1140 = ADVANCED_FACE ( 'NONE', ( #674 ), #1380, .T. ) ;
#1141 = ORIENTED_EDGE ( 'NONE', *, *, #320, .F. ) ;
#1142 = DIRECTION ( 'NONE',  ( 0.0000000000000000000, 0.0000000000000000000, -1.000000000000000000 ) ) ;
#1143 = FACE_OUTER_BOUND ( 'NONE', #1062, .T. ) ;
#1144 = ORIENTED_EDGE ( 'NONE', *, *, #1500, .F. ) ;
#1145 = PRESENTATION_STYLE_ASSIGNMENT (( #912 ) ) ;
#1146 = UNCERTAINTY_MEASURE_WITH_UNIT (LENGTH_MEASURE( 1.000000000000000082E-05 ), #264, 'distance_accuracy_value', 'NONE');
#1147 = FILL_AREA_STYLE ('',( #916 ) ) ;
#1148 = ADVANCED_FACE ( 'NONE', ( #1269 ), #683, .T. ) ;
#1149 = VECTOR ( 'NONE', #1289, 1000.000000000000000 ) ;
#1150 =( NAMED_UNIT ( * ) PLANE_ANGLE_UNIT ( ) SI_UNIT ( $, .RADIAN. ) );
#1151 = ORIENTED_EDGE ( 'NONE', *, *, #261, .F. ) ;
#1152 = PRESENTATION_STYLE_ASSIGNMENT (( #226 ) ) ;
#1153 = CARTESIAN_POINT ( 'NONE',  ( -5.899999999999999467, 0.0000000000000000000, 0.0000000000000000000 ) ) ;
#1154 = PRESENTATION_LAYER_ASSIGNMENT (  '', '', ( #1025 ) ) ;
#1155 = SURFACE_STYLE_FILL_AREA ( #676 ) ;
#1156 = AXIS2_PLACEMENT_3D ( 'NONE', #789, #534, #887 ) ;
#1157 = DIRECTION ( 'NONE',  ( -1.000000000000000000, -0.0000000000000000000, -0.0000000000000000000 ) ) ;
#1158 = COLOUR_RGB ( '',0.7921568627450980005, 0.8196078431372548767, 0.9333333333333333481 ) ;
#1159 = EDGE_CURVE ( 'NONE', #1096, #662, #367, .T. ) ;
#1160 = ORIENTED_EDGE ( 'NONE', *, *, #583, .T. ) ;
#1161 = STYLED_ITEM ( 'NONE', ( #630 ), #1022 ) ;
#1162 = FILL_AREA_STYLE ('',( #551 ) ) ;
#1163 = DIRECTION ( 'NONE',  ( 0.0000000000000000000, 0.0000000000000000000, 1.000000000000000000 ) ) ;
#1164 = SURFACE_STYLE_FILL_AREA ( #336 ) ;
#1165 = CARTESIAN_POINT ( 'NONE',  ( -5.899999999999999467, 0.0000000000000000000, 0.0000000000000000000 ) ) ;
#1166 = ORIENTED_EDGE ( 'NONE', *, *, #1037, .T. ) ;
#1167 = SURFACE_STYLE_FILL_AREA ( #1042 ) ;
#1168 = SURFACE_STYLE_USAGE ( .BOTH. , #470 ) ;
#1169 = CARTESIAN_POINT ( 'NONE',  ( 2.000000000000000000, 0.3500000000000001998, -0.7499999999999998890 ) ) ;
#1170 = ORIENTED_EDGE ( 'NONE', *, *, #945, .T. ) ;
#1171 = MECHANICAL_DESIGN_GEOMETRIC_PRESENTATION_REPRESENTATION (  '', ( #866 ), #1070 ) ;
#1172 = DIRECTION ( 'NONE',  ( 1.000000000000000000, 0.0000000000000000000, 0.0000000000000000000 ) ) ;
#1173 = EDGE_CURVE ( 'NONE', #59, #225, #771, .T. ) ;
#1174 = MANIFOLD_SOLID_BREP ( 'Boss-Extrude2', #288 ) ;
#1175 = FACE_OUTER_BOUND ( 'NONE', #1298, .T. ) ;
#1176 = STYLED_ITEM ( 'NONE', ( #614 ), #213 ) ;
#1177 = PLANE ( 'NONE',  #1368 ) ;
#1178 = VECTOR ( 'NONE', #843, 1000.000000000000000 ) ;
#1179 =( NAMED_UNIT ( * ) PLANE_ANGLE_UNIT ( ) SI_UNIT ( $, .RADIAN. ) );
#1180 = MECHANICAL_DESIGN_GEOMETRIC_PRESENTATION_REPRESENTATION (  '', ( #1203 ), #1128 ) ;
#1181 = AXIS2_PLACEMENT_3D ( 'NONE', #622, #382, #13 ) ;
#1182 = VERTEX_POINT ( 'NONE', #368 ) ;
#1183 = DIRECTION ( 'NONE',  ( 0.0000000000000000000, 0.0000000000000000000, -1.000000000000000000 ) ) ;
#1184 = PRODUCT ( '878FFB1E-AAD5-478B-A20C-762AD7541CDD', '878FFB1E-AAD5-478B-A20C-762AD7541CDD', '', ( #1050 ) ) ;
#1185 = CARTESIAN_POINT ( 'NONE',  ( -6.099999999999999645, 0.2500000000000002220, -0.7499999999999998890 ) ) ;
#1186 =( LENGTH_UNIT ( ) NAMED_UNIT ( * ) SI_UNIT ( .MILLI., .METRE. ) );
#1187 = CARTESIAN_POINT ( 'NONE',  ( -5.899999999999999467, 0.0000000000000000000, 1.149999999999999911 ) ) ;
#1188 = PLANE ( 'NONE',  #123 ) ;
#1189 = ORIENTED_EDGE ( 'NONE', *, *, #914, .T. ) ;
#1190 =( NAMED_UNIT ( * ) PLANE_ANGLE_UNIT ( ) SI_UNIT ( $, .RADIAN. ) );
#1191 = SURFACE_STYLE_FILL_AREA ( #709 ) ;
#1192 =( NAMED_UNIT ( * ) PLANE_ANGLE_UNIT ( ) SI_UNIT ( $, .RADIAN. ) );
#1193 = EDGE_LOOP ( 'NONE', ( #52, #262, #93, #769 ) ) ;
#1194 = ADVANCED_FACE ( 'NONE', ( #241 ), #664, .T. ) ;
#1195 = UNCERTAINTY_MEASURE_WITH_UNIT (LENGTH_MEASURE( 1.000000000000000082E-05 ), #918, 'distance_accuracy_value', 'NONE');
#1196 =( GEOMETRIC_REPRESENTATION_CONTEXT ( 3 ) GLOBAL_UNCERTAINTY_ASSIGNED_CONTEXT ( ( #1038 ) ) GLOBAL_UNIT_ASSIGNED_CONTEXT ( ( #650, #1120, #514 ) ) REPRESENTATION_CONTEXT ( 'NONE', 'WORKASPACE' ) );
#1197 = FILL_AREA_STYLE_COLOUR ( '', #720 ) ;
#1198 = SURFACE_STYLE_FILL_AREA ( #716 ) ;
#1199 = ORIENTED_EDGE ( 'NONE', *, *, #164, .F. ) ;
#1200 = FACE_OUTER_BOUND ( 'NONE', #926, .T. ) ;
#1201 = VECTOR ( 'NONE', #767, 1000.000000000000000 ) ;
#1202 = ADVANCED_FACE ( 'NONE', ( #568 ), #800, .F. ) ;
#1203 = STYLED_ITEM ( 'NONE', ( #586 ), #1202 ) ;
#1204 = COLOUR_RGB ( '',0.3882352941176470673, 0.8588235294117646523, 0.3882352941176470673 ) ;
#1205 = MECHANICAL_DESIGN_GEOMETRIC_PRESENTATION_REPRESENTATION (  '', ( #362 ), #464 ) ;
#1206 = PLANE ( 'NONE',  #723 ) ;
#1207 = SURFACE_SIDE_STYLE ('',( #862 ) ) ;
#1208 = PRESENTATION_LAYER_ASSIGNMENT (  '', '', ( #1462 ) ) ;
#1209 = CIRCLE ( 'NONE', #1438, 0.2500000000000000000 ) ;
#1210 = UNCERTAINTY_MEASURE_WITH_UNIT (LENGTH_MEASURE( 1.000000000000000082E-05 ), #435, 'distance_accuracy_value', 'NONE');
#1211 = PRESENTATION_STYLE_ASSIGNMENT (( #1059 ) ) ;
#1212 = ORIENTED_EDGE ( 'NONE', *, *, #828, .F. ) ;
#1213 = CYLINDRICAL_SURFACE ( 'NONE', #212, 0.2500000000000000000 ) ;
#1214 = UNCERTAINTY_MEASURE_WITH_UNIT (LENGTH_MEASURE( 1.000000000000000082E-05 ), #1433, 'distance_accuracy_value', 'NONE');
#1215 = CARTESIAN_POINT ( 'NONE',  ( -5.000000000000000000, 3.061616997868383018E-17, 0.2500000000000000000 ) ) ;
#1216 = EDGE_CURVE ( 'NONE', #305, #719, #573, .T. ) ;
#1217 = DIRECTION ( 'NONE',  ( 0.0000000000000000000, 0.0000000000000000000, -1.000000000000000000 ) ) ;
#1218 = ORIENTED_EDGE ( 'NONE', *, *, #1485, .T. ) ;
#1219 = LINE ( 'NONE', #962, #848 ) ;
#1220 = DIRECTION ( 'NONE',  ( 0.0000000000000000000, 1.224646799147352961E-16, 1.000000000000000000 ) ) ;
#1221 = CARTESIAN_POINT ( 'NONE',  ( -5.899999999999999467, 0.0000000000000000000, 0.0000000000000000000 ) ) ;
#1222 = STYLED_ITEM ( 'NONE', ( #196 ), #91 ) ;
#1223 = CYLINDRICAL_SURFACE ( 'NONE', #1293, 1.149999999999999911 ) ;
#1224 = ADVANCED_FACE ( 'NONE', ( #1285 ), #593, .F. ) ;
#1225 =( LENGTH_UNIT ( ) NAMED_UNIT ( * ) SI_UNIT ( .MILLI., .METRE. ) );
#1226 =( NAMED_UNIT ( * ) SI_UNIT ( $, .STERADIAN. ) SOLID_ANGLE_UNIT ( ) );
#1227 = VERTEX_POINT ( 'NONE', #1315 ) ;
#1228 = COLOUR_RGB ( '',0.6509803921568627638, 0.6196078431372549211, 0.5882352941176470784 ) ;
#1229 = DIRECTION ( 'NONE',  ( -1.000000000000000000, -0.0000000000000000000, -0.0000000000000000000 ) ) ;
#1230 =( GEOMETRIC_REPRESENTATION_CONTEXT ( 3 ) GLOBAL_UNCERTAINTY_ASSIGNED_CONTEXT ( ( #1124 ) ) GLOBAL_UNIT_ASSIGNED_CONTEXT ( ( #882, #890, #1235 ) ) REPRESENTATION_CONTEXT ( 'NONE', 'WORKASPACE' ) );
#1231 = COLOUR_RGB ( '',1.000000000000000000, 0.8117647058823529438, 0.5019607843137254832 ) ;
#1232 = DIRECTION ( 'NONE',  ( 1.000000000000000000, 0.0000000000000000000, 0.0000000000000000000 ) ) ;
#1233 = COLOUR_RGB ( '',0.3882352941176470673, 0.8588235294117646523, 0.3882352941176470673 ) ;
#1234 =( GEOMETRIC_REPRESENTATION_CONTEXT ( 3 ) GLOBAL_UNCERTAINTY_ASSIGNED_CONTEXT ( ( #1110 ) ) GLOBAL_UNIT_ASSIGNED_CONTEXT ( ( #990, #442, #874 ) ) REPRESENTATION_CONTEXT ( 'NONE', 'WORKASPACE' ) );
#1235 =( NAMED_UNIT ( * ) SI_UNIT ( $, .STERADIAN. ) SOLID_ANGLE_UNIT ( ) );
#1236 = EDGE_CURVE ( 'NONE', #225, #1424, #162, .T. ) ;
#1237 = CARTESIAN_POINT ( 'NONE',  ( -5.899999999999999467, 0.0000000000000000000, 0.0000000000000000000 ) ) ;
#1238 = VERTEX_POINT ( 'NONE', #397 ) ;
#1239 =( LENGTH_UNIT ( ) NAMED_UNIT ( * ) SI_UNIT ( .MILLI., .METRE. ) );
#1240 =( NAMED_UNIT ( * ) PLANE_ANGLE_UNIT ( ) SI_UNIT ( $, .RADIAN. ) );
#1241 = UNCERTAINTY_MEASURE_WITH_UNIT (LENGTH_MEASURE( 1.000000000000000082E-05 ), #206, 'distance_accuracy_value', 'NONE');
#1242 = PLANE ( 'NONE',  #826 ) ;
#1243 = ORIENTED_EDGE ( 'NONE', *, *, #82, .F. ) ;
#1244 = CARTESIAN_POINT ( 'NONE',  ( 2.000000000000000000, 0.3500000000000001998, -0.7499999999999998890 ) ) ;
#1245 = ADVANCED_FACE ( 'NONE', ( #868 ), #598, .T. ) ;
#1246 =( LENGTH_UNIT ( ) NAMED_UNIT ( * ) SI_UNIT ( .MILLI., .METRE. ) );
#1247 = DIRECTION ( 'NONE',  ( 0.0000000000000000000, 1.000000000000000000, 1.224646799147353207E-16 ) ) ;
#1248 = SURFACE_SIDE_STYLE ('',( #656 ) ) ;
#1249 = SURFACE_STYLE_USAGE ( .BOTH. , #768 ) ;
#1250 = DIRECTION ( 'NONE',  ( -1.000000000000000000, 0.0000000000000000000, 0.0000000000000000000 ) ) ;
#1251 = EDGE_LOOP ( 'NONE', ( #24, #1151, #1259, #192 ) ) ;
#1252 = FACE_OUTER_BOUND ( 'NONE', #271, .T. ) ;
#1253 = EDGE_CURVE ( 'NONE', #662, #111, #170, .T. ) ;
#1254 = AXIS2_PLACEMENT_3D ( 'NONE', #1453, #413, #1118 ) ;
#1255 = FACE_OUTER_BOUND ( 'NONE', #605, .T. ) ;
#1256 = STYLED_ITEM ( 'NONE', ( #812 ), #543 ) ;
#1257 = PRESENTATION_LAYER_ASSIGNMENT (  '', '', ( #16 ) ) ;
#1258 =( GEOMETRIC_REPRESENTATION_CONTEXT ( 3 ) GLOBAL_UNCERTAINTY_ASSIGNED_CONTEXT ( ( #301 ) ) GLOBAL_UNIT_ASSIGNED_CONTEXT ( ( #980, #1127, #67 ) ) REPRESENTATION_CONTEXT ( 'NONE', 'WORKASPACE' ) );
#1259 = ORIENTED_EDGE ( 'NONE', *, *, #560, .F. ) ;
#1260 = DIRECTION ( 'NONE',  ( -1.000000000000000000, 0.0000000000000000000, 0.0000000000000000000 ) ) ;
#1261 = EDGE_LOOP ( 'NONE', ( #639, #265, #2, #296 ) ) ;
#1262 = DIRECTION ( 'NONE',  ( 0.0000000000000000000, -1.000000000000000000, 0.0000000000000000000 ) ) ;
#1263 =( LENGTH_UNIT ( ) NAMED_UNIT ( * ) SI_UNIT ( .MILLI., .METRE. ) );
#1264 = PLANE ( 'NONE',  #1156 ) ;
#1265 = SURFACE_STYLE_USAGE ( .BOTH. , #103 ) ;
#1266 = CARTESIAN_POINT ( 'NONE',  ( 6.919803902718556721, 0.0000000000000000000, 0.0000000000000000000 ) ) ;
#1267 = ORIENTED_EDGE ( 'NONE', *, *, #191, .F. ) ;
#1268 = EDGE_LOOP ( 'NONE', ( #592, #205, #240, #1114 ) ) ;
#1269 = FACE_OUTER_BOUND ( 'NONE', #1394, .T. ) ;
#1270 = CARTESIAN_POINT ( 'NONE',  ( -5.899999999999999467, 1.408343819019456028E-16, -1.149999999999999911 ) ) ;
#1271 =( GEOMETRIC_REPRESENTATION_CONTEXT ( 3 ) GLOBAL_UNCERTAINTY_ASSIGNED_CONTEXT ( ( #986 ) ) GLOBAL_UNIT_ASSIGNED_CONTEXT ( ( #371, #694, #259 ) ) REPRESENTATION_CONTEXT ( 'NONE', 'WORKASPACE' ) );
#1272 = SURFACE_STYLE_USAGE ( .BOTH. , #1039 ) ;
#1273 = PRESENTATION_LAYER_ASSIGNMENT (  '', '', ( #418 ) ) ;
#1274 = COLOUR_RGB ( '',0.3882352941176470673, 0.8588235294117646523, 0.3882352941176470673 ) ;
#1275 = CIRCLE ( 'NONE', #563, 1.050000000000000044 ) ;
#1276 = MECHANICAL_DESIGN_GEOMETRIC_PRESENTATION_REPRESENTATION (  '', ( #948 ), #326 ) ;
#1277 = PRESENTATION_STYLE_ASSIGNMENT (( #337 ) ) ;
#1278 = STYLED_ITEM ( 'NONE', ( #1152 ), #1174 ) ;
#1279 = ORIENTED_EDGE ( 'NONE', *, *, #466, .F. ) ;
#1280 = STYLED_ITEM ( 'NONE', ( #894 ), #1317 ) ;
#1281 = VERTEX_POINT ( 'NONE', #182 ) ;
#1282 = ORIENTED_EDGE ( 'NONE', *, *, #1117, .F. ) ;
#1283 = SURFACE_STYLE_FILL_AREA ( #461 ) ;
#1284 = ORIENTED_EDGE ( 'NONE', *, *, #384, .F. ) ;
#1285 = FACE_OUTER_BOUND ( 'NONE', #562, .T. ) ;
#1286 = EDGE_CURVE ( 'NONE', #462, #1182, #803, .T. ) ;
#1287 = CARTESIAN_POINT ( 'NONE',  ( -10.00000000000000000, 0.0000000000000000000, 0.0000000000000000000 ) ) ;
#1288 = PRESENTATION_LAYER_ASSIGNMENT (  '', '', ( #317 ) ) ;
#1289 = DIRECTION ( 'NONE',  ( -0.0000000000000000000, 1.000000000000000000, -0.0000000000000000000 ) ) ;
#1290 = COLOUR_RGB ( '',1.000000000000000000, 0.8117647058823529438, 0.5019607843137254832 ) ;
#1291 = COLOUR_RGB ( '',1.000000000000000000, 0.8117647058823529438, 0.5019607843137254832 ) ;
#1292 = ORIENTED_EDGE ( 'NONE', *, *, #412, .F. ) ;
#1293 = AXIS2_PLACEMENT_3D ( 'NONE', #1294, #27, #1301 ) ;
#1294 = CARTESIAN_POINT ( 'NONE',  ( 7.049999999999999822, 0.0000000000000000000, 0.0000000000000000000 ) ) ;
#1295 = AXIS2_PLACEMENT_3D ( 'NONE', #45, #1232, #520 ) ;
#1296 =( LENGTH_UNIT ( ) NAMED_UNIT ( * ) SI_UNIT ( .MILLI., .METRE. ) );
#1297 = ADVANCED_FACE ( 'NONE', ( #409 ), #19, .F. ) ;
#1298 = EDGE_LOOP ( 'NONE', ( #245, #1170, #626, #419 ) ) ;
#1299 = DIRECTION ( 'NONE',  ( 1.000000000000000000, 0.0000000000000000000, 0.0000000000000000000 ) ) ;
#1300 = SURFACE_STYLE_USAGE ( .BOTH. , #246 ) ;
#1301 = DIRECTION ( 'NONE',  ( 0.0000000000000000000, 0.0000000000000000000, 1.000000000000000000 ) ) ;
#1302 =( NAMED_UNIT ( * ) PLANE_ANGLE_UNIT ( ) SI_UNIT ( $, .RADIAN. ) );
#1303 = DIRECTION ( 'NONE',  ( -0.0000000000000000000, 2.891205793294678326E-16, -1.000000000000000000 ) ) ;
#1304 = EDGE_CURVE ( 'NONE', #286, #1182, #121, .T. ) ;
#1305 = ORIENTED_EDGE ( 'NONE', *, *, #142, .T. ) ;
#1306 = SURFACE_STYLE_USAGE ( .BOTH. , #835 ) ;
#1307 = UNCERTAINTY_MEASURE_WITH_UNIT (LENGTH_MEASURE( 1.000000000000000082E-05 ), #1075, 'distance_accuracy_value', 'NONE');
#1308 = DIRECTION ( 'NONE',  ( 0.0000000000000000000, 0.0000000000000000000, 1.000000000000000000 ) ) ;
#1309 = CARTESIAN_POINT ( 'NONE',  ( -2.000000000000000000, -0.3500000000000001443, 0.7499999999999995559 ) ) ;
#1310 = SURFACE_SIDE_STYLE ('',( #1198 ) ) ;
#1311 = LINE ( 'NONE', #478, #387 ) ;
#1312 = DIRECTION ( 'NONE',  ( 0.0000000000000000000, 0.0000000000000000000, 1.000000000000000000 ) ) ;
#1313 = VECTOR ( 'NONE', #1111, 1000.000000000000000 ) ;
#1314 = STYLED_ITEM ( 'NONE', ( #817 ), #672 ) ;
#1315 = CARTESIAN_POINT ( 'NONE',  ( 6.099999999999999645, -0.3500000000000001443, 0.7499999999999995559 ) ) ;
#1316 = CIRCLE ( 'NONE', #420, 1.149999999999999911 ) ;
#1317 = ADVANCED_FACE ( 'NONE', ( #1143 ), #1264, .T. ) ;
#1318 = DIRECTION ( 'NONE',  ( 1.000000000000000000, 0.0000000000000000000, 0.0000000000000000000 ) ) ;
#1319 =( GEOMETRIC_REPRESENTATION_CONTEXT ( 3 ) GLOBAL_UNCERTAINTY_ASSIGNED_CONTEXT ( ( #432 ) ) GLOBAL_UNIT_ASSIGNED_CONTEXT ( ( #991, #1418, #851 ) ) REPRESENTATION_CONTEXT ( 'NONE', 'WORKASPACE' ) );
#1320 = STYLED_ITEM ( 'NONE', ( #291 ), #853 ) ;
#1321 =( NAMED_UNIT ( * ) PLANE_ANGLE_UNIT ( ) SI_UNIT ( $, .RADIAN. ) );
#1322 = MECHANICAL_DESIGN_GEOMETRIC_PRESENTATION_REPRESENTATION (  '', ( #684 ), #606 ) ;
#1323 =( NAMED_UNIT ( * ) SI_UNIT ( $, .STERADIAN. ) SOLID_ANGLE_UNIT ( ) );
#1324 = FILL_AREA_STYLE ('',( #500 ) ) ;
#1325 = DIRECTION ( 'NONE',  ( 0.0000000000000000000, 0.0000000000000000000, -1.000000000000000000 ) ) ;
#1326 = FILL_AREA_STYLE_COLOUR ( '', #300 ) ;
#1327 = LINE ( 'NONE', #43, #1482 ) ;
#1328 = ADVANCED_FACE ( 'NONE', ( #92 ), #1018, .F. ) ;
#1329 = CARTESIAN_POINT ( 'NONE',  ( -5.000000000000000000, 0.0000000000000000000, -0.2500000000000000000 ) ) ;
#1330 = PRESENTATION_STYLE_ASSIGNMENT (( #309 ) ) ;
#1331 = CARTESIAN_POINT ( 'NONE',  ( -6.099999999999999645, 0.3500000000000001998, -0.7499999999999998890 ) ) ;
#1332 = VERTEX_POINT ( 'NONE', #467 ) ;
#1333 =( LENGTH_UNIT ( ) NAMED_UNIT ( * ) SI_UNIT ( .MILLI., .METRE. ) );
#1334 = COLOUR_RGB ( '',0.6509803921568627638, 0.6196078431372549211, 0.5882352941176470784 ) ;
#1335 =( NAMED_UNIT ( * ) PLANE_ANGLE_UNIT ( ) SI_UNIT ( $, .RADIAN. ) );
#1336 = ORIENTED_EDGE ( 'NONE', *, *, #1173, .T. ) ;
#1337 =( GEOMETRIC_REPRESENTATION_CONTEXT ( 3 ) GLOBAL_UNCERTAINTY_ASSIGNED_CONTEXT ( ( #1382 ) ) GLOBAL_UNIT_ASSIGNED_CONTEXT ( ( #5, #1071, #846 ) ) REPRESENTATION_CONTEXT ( 'NONE', 'WORKASPACE' ) );
#1338 = FILL_AREA_STYLE_COLOUR ( '', #661 ) ;
#1339 =( GEOMETRIC_REPRESENTATION_CONTEXT ( 3 ) GLOBAL_UNCERTAINTY_ASSIGNED_CONTEXT ( ( #64 ) ) GLOBAL_UNIT_ASSIGNED_CONTEXT ( ( #1375, #324, #899 ) ) REPRESENTATION_CONTEXT ( 'NONE', 'WORKASPACE' ) );
#1340 =( GEOMETRIC_REPRESENTATION_CONTEXT ( 3 ) GLOBAL_UNCERTAINTY_ASSIGNED_CONTEXT ( ( #86 ) ) GLOBAL_UNIT_ASSIGNED_CONTEXT ( ( #821, #128, #1505 ) ) REPRESENTATION_CONTEXT ( 'NONE', 'WORKASPACE' ) );
#1341 = MECHANICAL_DESIGN_GEOMETRIC_PRESENTATION_REPRESENTATION (  '', ( #1390 ), #1410 ) ;
#1342 = PRESENTATION_LAYER_ASSIGNMENT (  '', '', ( #751 ) ) ;
#1343 = PRESENTATION_LAYER_ASSIGNMENT (  '', '', ( #1391 ) ) ;
#1344 = DIRECTION ( 'NONE',  ( 0.0000000000000000000, 0.0000000000000000000, 1.000000000000000000 ) ) ;
#1345 =( GEOMETRIC_REPRESENTATION_CONTEXT ( 3 ) GLOBAL_UNCERTAINTY_ASSIGNED_CONTEXT ( ( #33 ) ) GLOBAL_UNIT_ASSIGNED_CONTEXT ( ( #1263, #666, #436 ) ) REPRESENTATION_CONTEXT ( 'NONE', 'WORKASPACE' ) );
#1346 = AXIS2_PLACEMENT_3D ( 'NONE', #1221, #289, #1100 ) ;
#1347 = VECTOR ( 'NONE', #1087, 1000.000000000000000 ) ;
#1348 = ADVANCED_FACE ( 'NONE', ( #1494 ), #686, .T. ) ;
#1349 = SURFACE_STYLE_FILL_AREA ( #644 ) ;
#1350 = ORIENTED_EDGE ( 'NONE', *, *, #753, .F. ) ;
#1351 = SURFACE_STYLE_USAGE ( .BOTH. , #1026 ) ;
#1352 = CARTESIAN_POINT ( 'NONE',  ( -5.899999999999999467, 0.0000000000000000000, 0.0000000000000000000 ) ) ;
#1353 = UNCERTAINTY_MEASURE_WITH_UNIT (LENGTH_MEASURE( 1.000000000000000082E-05 ), #49, 'distance_accuracy_value', 'NONE');
#1354 = CARTESIAN_POINT ( 'NONE',  ( -6.919803902718556721, 0.0000000000000000000, 0.0000000000000000000 ) ) ;
#1355 = FILL_AREA_STYLE_COLOUR ( '', #124 ) ;
#1356 =( NAMED_UNIT ( * ) PLANE_ANGLE_UNIT ( ) SI_UNIT ( $, .RADIAN. ) );
#1357 = CARTESIAN_POINT ( 'NONE',  ( -7.022497216032182799, 0.0000000000000000000, 0.0000000000000000000 ) ) ;
#1358 = EDGE_CURVE ( 'NONE', #830, #932, #924, .T. ) ;
#1359 = VERTEX_POINT ( 'NONE', #1501 ) ;
#1360 = ORIENTED_EDGE ( 'NONE', *, *, #1015, .T. ) ;
#1361 = DIRECTION ( 'NONE',  ( -1.000000000000000000, -0.0000000000000000000, -0.0000000000000000000 ) ) ;
#1362 = DIRECTION ( 'NONE',  ( 0.0000000000000000000, -2.891205793294678326E-16, 1.000000000000000000 ) ) ;
#1363 = FILL_AREA_STYLE ('',( #76 ) ) ;
#1364 = ORIENTED_EDGE ( 'NONE', *, *, #164, .T. ) ;
#1365 = VERTEX_POINT ( 'NONE', #931 ) ;
#1366 = AXIS2_PLACEMENT_3D ( 'NONE', #188, #55, #979 ) ;
#1367 = DIRECTION ( 'NONE',  ( 0.0000000000000000000, -1.000000000000000000, 1.084202172485504040E-15 ) ) ;
#1368 = AXIS2_PLACEMENT_3D ( 'NONE', #833, #850, #1325 ) ;
#1369 = AXIS2_PLACEMENT_3D ( 'NONE', #627, #1444, #287 ) ;
#1370 = AXIS2_PLACEMENT_3D ( 'NONE', #1005, #1466, #203 ) ;
#1371 = CARTESIAN_POINT ( 'NONE',  ( -10.00000000000000000, 0.0000000000000000000, 0.0000000000000000000 ) ) ;
#1372 = CARTESIAN_POINT ( 'NONE',  ( -10.00000000000000000, 0.0000000000000000000, 0.0000000000000000000 ) ) ;
#1373 = CARTESIAN_POINT ( 'NONE',  ( 5.899999999999999467, 0.0000000000000000000, 0.0000000000000000000 ) ) ;
#1374 = DIRECTION ( 'NONE',  ( -1.000000000000000000, -0.0000000000000000000, -0.0000000000000000000 ) ) ;
#1375 =( LENGTH_UNIT ( ) NAMED_UNIT ( * ) SI_UNIT ( .MILLI., .METRE. ) );
#1376 = DIRECTION ( 'NONE',  ( 0.0000000000000000000, 0.0000000000000000000, -1.000000000000000000 ) ) ;
#1377 = ORIENTED_EDGE ( 'NONE', *, *, #914, .F. ) ;
#1378 = DIRECTION ( 'NONE',  ( -1.000000000000000000, 0.0000000000000000000, 0.0000000000000000000 ) ) ;
#1379 = VERTEX_POINT ( 'NONE', #350 ) ;
#1380 = CYLINDRICAL_SURFACE ( 'NONE', #907, 0.2500000000000000000 ) ;
#1381 = SURFACE_STYLE_USAGE ( .BOTH. , #333 ) ;
#1382 = UNCERTAINTY_MEASURE_WITH_UNIT (LENGTH_MEASURE( 1.000000000000000082E-05 ), #5, 'distance_accuracy_value', 'NONE');
#1383 = SURFACE_SIDE_STYLE ('',( #90 ) ) ;
#1384 = EDGE_CURVE ( 'NONE', #408, #911, #1275, .T. ) ;
#1385 = DIRECTION ( 'NONE',  ( 0.0000000000000000000, 0.0000000000000000000, 1.000000000000000000 ) ) ;
#1386 = ORIENTED_EDGE ( 'NONE', *, *, #1403, .F. ) ;
#1387 = CIRCLE ( 'NONE', #118, 0.2500000000000000000 ) ;
#1388 = AXIS2_PLACEMENT_3D ( 'NONE', #379, #1506, #1183 ) ;
#1389 = SURFACE_SIDE_STYLE ('',( #120 ) ) ;
#1390 = STYLED_ITEM ( 'NONE', ( #695 ), #762 ) ;
#1391 = STYLED_ITEM ( 'NONE', ( #1330 ), #895 ) ;
#1392 = SURFACE_STYLE_USAGE ( .BOTH. , #456 ) ;
#1393 =( GEOMETRIC_REPRESENTATION_CONTEXT ( 3 ) GLOBAL_UNCERTAINTY_ASSIGNED_CONTEXT ( ( #1445 ) ) GLOBAL_UNIT_ASSIGNED_CONTEXT ( ( #1186, #815, #243 ) ) REPRESENTATION_CONTEXT ( 'NONE', 'WORKASPACE' ) );
#1394 = EDGE_LOOP ( 'NONE', ( #1350, #816, #687, #999 ) ) ;
#1395 = DIRECTION ( 'NONE',  ( 1.000000000000000000, 0.0000000000000000000, 0.0000000000000000000 ) ) ;
#1396 = DIRECTION ( 'NONE',  ( 0.0000000000000000000, 0.0000000000000000000, 1.000000000000000000 ) ) ;
#1397 = FACE_OUTER_BOUND ( 'NONE', #357, .T. ) ;
#1398 = ADVANCED_FACE ( 'NONE', ( #1046 ), #1188, .F. ) ;
#1399 = ORIENTED_EDGE ( 'NONE', *, *, #449, .T. ) ;
#1400 = EDGE_LOOP ( 'NONE', ( #1495, #1019, #567, #199 ) ) ;
#1401 = EDGE_LOOP ( 'NONE', ( #102, #941, #819, #1144 ) ) ;
#1402 = FILL_AREA_STYLE_COLOUR ( '', #777 ) ;
#1403 = EDGE_CURVE ( 'NONE', #276, #423, #1409, .T. ) ;
#1404 = CIRCLE ( 'NONE', #578, 1.050000000000000044 ) ;
#1405 = SURFACE_STYLE_USAGE ( .BOTH. , #1422 ) ;
#1406 = ORIENTED_EDGE ( 'NONE', *, *, #1358, .F. ) ;
#1407 = PRESENTATION_LAYER_ASSIGNMENT (  '', '', ( #14 ) ) ;
#1408 = DIRECTION ( 'NONE',  ( -1.000000000000000000, 0.0000000000000000000, -0.0000000000000000000 ) ) ;
#1409 = CIRCLE ( 'NONE', #847, 0.2500000000000000000 ) ;
#1410 =( GEOMETRIC_REPRESENTATION_CONTEXT ( 3 ) GLOBAL_UNCERTAINTY_ASSIGNED_CONTEXT ( ( #521 ) ) GLOBAL_UNIT_ASSIGNED_CONTEXT ( ( #469, #804, #1030 ) ) REPRESENTATION_CONTEXT ( 'NONE', 'WORKASPACE' ) );
#1411 = FILL_AREA_STYLE ('',( #1063 ) ) ;
#1412 = UNCERTAINTY_MEASURE_WITH_UNIT (LENGTH_MEASURE( 1.000000000000000082E-05 ), #278, 'distance_accuracy_value', 'NONE');
#1413 = LINE ( 'NONE', #955, #1033 ) ;
#1414 = EDGE_CURVE ( 'NONE', #359, #311, #981, .T. ) ;
#1415 = FACE_OUTER_BOUND ( 'NONE', #1268, .T. ) ;
#1416 = CARTESIAN_POINT ( 'NONE',  ( -2.000000000000000000, -0.2499999999999996669, -0.7500000000000005551 ) ) ;
#1417 = SURFACE_SIDE_STYLE ('',( #495 ) ) ;
#1418 =( NAMED_UNIT ( * ) PLANE_ANGLE_UNIT ( ) SI_UNIT ( $, .RADIAN. ) );
#1419 = CARTESIAN_POINT ( 'NONE',  ( 2.000000000000000000, 0.3500000000000001998, -0.7499999999999998890 ) ) ;
#1420 = CARTESIAN_POINT ( 'NONE',  ( 5.000000000000000000, 0.0000000000000000000, 0.2500000000000000000 ) ) ;
#1421 = SURFACE_SIDE_STYLE ('',( #28 ) ) ;
#1422 = SURFACE_SIDE_STYLE ('',( #1427 ) ) ;
#1423 = CARTESIAN_POINT ( 'NONE',  ( 2.000000000000000000, 0.2500000000000002220, -0.7499999999999998890 ) ) ;
#1424 = VERTEX_POINT ( 'NONE', #1331 ) ;
#1425 = SURFACE_STYLE_FILL_AREA ( #861 ) ;
#1426 = LINE ( 'NONE', #629, #1178 ) ;
#1427 = SURFACE_STYLE_FILL_AREA ( #391 ) ;
#1428 = CARTESIAN_POINT ( 'NONE',  ( -2.000000000000000000, -0.2499999999999996669, -0.7500000000000005551 ) ) ;
#1429 = DIRECTION ( 'NONE',  ( 0.0000000000000000000, 0.0000000000000000000, -1.000000000000000000 ) ) ;
#1430 = AXIS2_PLACEMENT_3D ( 'NONE', #1266, #144, #1064 ) ;
#1431 = EDGE_CURVE ( 'NONE', #59, #830, #285, .T. ) ;
#1432 = VECTOR ( 'NONE', #549, 1000.000000000000000 ) ;
#1433 =( LENGTH_UNIT ( ) NAMED_UNIT ( * ) SI_UNIT ( .MILLI., .METRE. ) );
#1434 =( GEOMETRIC_REPRESENTATION_CONTEXT ( 3 ) GLOBAL_UNCERTAINTY_ASSIGNED_CONTEXT ( ( #1412 ) ) GLOBAL_UNIT_ASSIGNED_CONTEXT ( ( #278, #267, #609 ) ) REPRESENTATION_CONTEXT ( 'NONE', 'WORKASPACE' ) );
#1435 = FACE_OUTER_BOUND ( 'NONE', #595, .T. ) ;
#1436 = VECTOR ( 'NONE', #1052, 1000.000000000000000 ) ;
#1437 = DIRECTION ( 'NONE',  ( 0.0000000000000000000, 0.0000000000000000000, 1.000000000000000000 ) ) ;
#1438 = AXIS2_PLACEMENT_3D ( 'NONE', #975, #156, #498 ) ;
#1439 = UNCERTAINTY_MEASURE_WITH_UNIT (LENGTH_MEASURE( 1.000000000000000082E-05 ), #9, 'distance_accuracy_value', 'NONE');
#1440 = CARTESIAN_POINT ( 'NONE',  ( -7.022497216032182799, 0.0000000000000000000, 0.2500000000000000000 ) ) ;
#1441 = SPHERICAL_SURFACE ( 'NONE', #906, 1.050000000000000044 ) ;
#1442 = FILL_AREA_STYLE ('',( #57 ) ) ;
#1443 =( LENGTH_UNIT ( ) NAMED_UNIT ( * ) SI_UNIT ( .MILLI., .METRE. ) );
#1444 = DIRECTION ( 'NONE',  ( -0.0000000000000000000, 1.000000000000000000, 0.0000000000000000000 ) ) ;
#1445 = UNCERTAINTY_MEASURE_WITH_UNIT (LENGTH_MEASURE( 1.000000000000000082E-05 ), #1186, 'distance_accuracy_value', 'NONE');
#1446 = DIRECTION ( 'NONE',  ( 1.000000000000000000, 0.0000000000000000000, 0.0000000000000000000 ) ) ;
#1447 = CARTESIAN_POINT ( 'NONE',  ( 6.099999999999999645, -0.2499999999999996669, -0.7500000000000005551 ) ) ;
#1448 = CARTESIAN_POINT ( 'NONE',  ( 5.000000000000000000, 3.061616997868383018E-17, -0.2500000000000000000 ) ) ;
#1449 = FILL_AREA_STYLE_COLOUR ( '', #1291 ) ;
#1450 = ORIENTED_EDGE ( 'NONE', *, *, #261, .T. ) ;
#1451 = UNCERTAINTY_MEASURE_WITH_UNIT (LENGTH_MEASURE( 1.000000000000000082E-05 ), #1296, 'distance_accuracy_value', 'NONE');
#1452 = ADVANCED_FACE ( 'NONE', ( #968 ), #375, .T. ) ;
#1453 = CARTESIAN_POINT ( 'NONE',  ( 5.899999999999999467, 0.0000000000000000000, 0.0000000000000000000 ) ) ;
#1454 = VECTOR ( 'NONE', #959, 1000.000000000000000 ) ;
#1455 = ORIENTED_EDGE ( 'NONE', *, *, #133, .F. ) ;
#1456 = AXIS2_PLACEMENT_3D ( 'NONE', #807, #1069, #143 ) ;
#1457 = MECHANICAL_DESIGN_GEOMETRIC_PRESENTATION_REPRESENTATION (  '', ( #418 ), #1004 ) ;
#1458 =( GEOMETRIC_REPRESENTATION_CONTEXT ( 3 ) GLOBAL_UNCERTAINTY_ASSIGNED_CONTEXT ( ( #1195 ) ) GLOBAL_UNIT_ASSIGNED_CONTEXT ( ( #918, #1179, #358 ) ) REPRESENTATION_CONTEXT ( 'NONE', 'WORKASPACE' ) );
#1459 = AXIS2_PLACEMENT_3D ( 'NONE', #56, #1470, #1344 ) ;
#1460 = FILL_AREA_STYLE ('',( #165 ) ) ;
#1461 = DIRECTION ( 'NONE',  ( 0.0000000000000000000, 1.000000000000000000, -0.0000000000000000000 ) ) ;
#1462 = STYLED_ITEM ( 'NONE', ( #1472 ), #1491 ) ;
#1463 = PRESENTATION_LAYER_ASSIGNMENT (  '', '', ( #1278 ) ) ;
#1464 = ADVANCED_FACE ( 'NONE', ( #178 ), #139, .F. ) ;
#1465 = COLOUR_RGB ( '',1.000000000000000000, 0.8117647058823529438, 0.5019607843137254832 ) ;
#1466 = DIRECTION ( 'NONE',  ( 1.000000000000000000, 0.0000000000000000000, 0.0000000000000000000 ) ) ;
#1467 = PLANE ( 'NONE',  #1502 ) ;
#1468 = ORIENTED_EDGE ( 'NONE', *, *, #583, .F. ) ;
#1469 =( LENGTH_UNIT ( ) NAMED_UNIT ( * ) SI_UNIT ( .MILLI., .METRE. ) );
#1470 = DIRECTION ( 'NONE',  ( 0.0000000000000000000, 1.000000000000000000, -0.0000000000000000000 ) ) ;
#1471 = PRESENTATION_STYLE_ASSIGNMENT (( #416 ) ) ;
#1472 = PRESENTATION_STYLE_ASSIGNMENT (( #1007 ) ) ;
#1473 = ORIENTED_EDGE ( 'NONE', *, *, #1358, .T. ) ;
#1474 = DIRECTION ( 'NONE',  ( -0.0000000000000000000, 0.0000000000000000000, 1.000000000000000000 ) ) ;
#1475 = VERTEX_POINT ( 'NONE', #727 ) ;
#1476 = ORIENTED_EDGE ( 'NONE', *, *, #967, .F. ) ;
#1477 = DIRECTION ( 'NONE',  ( 0.0000000000000000000, -1.000000000000000000, 0.0000000000000000000 ) ) ;
#1478 = DIRECTION ( 'NONE',  ( -0.0000000000000000000, 1.000000000000000000, 2.891205793294678326E-16 ) ) ;
#1479 = ADVANCED_FACE ( 'NONE', ( #1200 ), #1213, .T. ) ;
#1480 = FILL_AREA_STYLE ('',( #322 ) ) ;
#1481 = CIRCLE ( 'NONE', #1430, 0.2500000000000000000 ) ;
#1482 = VECTOR ( 'NONE', #237, 1000.000000000000000 ) ;
#1483 = PRODUCT_DEFINITION_FORMATION_WITH_SPECIFIED_SOURCE ( 'ANY', '', #1184, .NOT_KNOWN. ) ;
#1484 = EDGE_LOOP ( 'NONE', ( #87, #1189, #136, #1016 ) ) ;
#1485 = EDGE_CURVE ( 'NONE', #77, #474, #198, .T. ) ;
#1486 = CARTESIAN_POINT ( 'NONE',  ( 6.919803902718556721, 0.0000000000000000000, -0.2500000000000000000 ) ) ;
#1487 = APPLICATION_CONTEXT ( 'automotive_design' ) ;
#1488 = ORIENTED_EDGE ( 'NONE', *, *, #329, .T. ) ;
#1489 = SURFACE_STYLE_USAGE ( .BOTH. , #698 ) ;
#1490 = SURFACE_STYLE_FILL_AREA ( #211 ) ;
#1491 = ADVANCED_FACE ( 'NONE', ( #761 ), #1467, .F. ) ;
#1492 = CARTESIAN_POINT ( 'NONE',  ( 10.00000000000000000, 0.0000000000000000000, 0.0000000000000000000 ) ) ;
#1493 = EDGE_LOOP ( 'NONE', ( #888, #934, #537, #1243 ) ) ;
#1494 = FACE_OUTER_BOUND ( 'NONE', #1484, .T. ) ;
#1495 = ORIENTED_EDGE ( 'NONE', *, *, #1286, .F. ) ;
#1496 = LINE ( 'NONE', #1020, #697 ) ;
#1497 = CIRCLE ( 'NONE', #796, 0.2500000000000000000 ) ;
#1498 = EDGE_CURVE ( 'NONE', #1182, #286, #538, .T. ) ;
#1499 = PRESENTATION_LAYER_ASSIGNMENT (  '', '', ( #1390 ) ) ;
#1500 = EDGE_CURVE ( 'NONE', #1115, #1182, #557, .T. ) ;
#1501 = CARTESIAN_POINT ( 'NONE',  ( 2.000000000000000000, 0.2499999999999997780, 0.7500000000000001110 ) ) ;
#1502 = AXIS2_PLACEMENT_3D ( 'NONE', #1372, #901, #865 ) ;
#1503 = COLOUR_RGB ( '',0.6509803921568627638, 0.6196078431372549211, 0.5882352941176470784 ) ;
#1504 = EDGE_LOOP ( 'NONE', ( #1455, #338, #220, #778 ) ) ;
#1505 =( NAMED_UNIT ( * ) SI_UNIT ( $, .STERADIAN. ) SOLID_ANGLE_UNIT ( ) );
#1506 = DIRECTION ( 'NONE',  ( -0.0000000000000000000, 1.000000000000000000, 0.0000000000000000000 ) ) ;
ENDSEC;
END-ISO-10303-21;
